,国家,日期,销售额,利润,年,tongbi_data,销售额季度增长率
0,Algeria,2017-03-31,1292.01,-21.799999999999997,2017,,
1,Algeria,2017-06-30,0.0,0.0,2017,,
2,Algeria,2017-09-30,723.41,36.17,2017,,
3,Algeria,2017-12-31,852.33,-34.09,2017,,
4,Algeria,2018-03-31,743.65,52.63,2018,-548.36,-42.44239595668765
5,Algeria,2018-06-30,0.0,0.0,2018,0.0,
6,Algeria,2018-09-30,422.63,16.91,2018,-300.78,-41.5780815858227
7,Algeria,2018-12-31,902.45,-9.02,2018,50.120000000000005,5.880351507045393
8,Algeria,2019-03-31,597.46,-4.77,2019,-146.18999999999994,-19.65844147112216
9,Algeria,2019-06-30,0.0,0.0,2019,0.0,
10,Algeria,2019-09-30,206.71,8.27,2019,-215.92,-51.08960556515155
11,Algeria,2019-12-31,377.49,26.42,2019,-524.96,-58.17053576375423
12,Algeria,2020-03-31,450.44,13.51,2020,-147.02000000000004,-24.60750510494427
13,Algeria,2020-06-30,876.49,-26.29,2020,876.49,inf
14,Algeria,2020-09-30,245.2,-4.9,2020,38.48999999999998,18.620289294180242
15,Algeria,2020-12-31,651.66,-32.58,2020,274.16999999999996,72.62973853612014
16,Angola,2017-03-31,93.2,7.46,2017,,
17,Angola,2017-06-30,688.25,68.83,2017,,
18,Angola,2017-09-30,670.01,47.53,2017,,
19,Angola,2017-12-31,0.0,0.0,2017,,
20,Angola,2018-03-31,46.15,-3.23,2018,-47.050000000000004,-50.48283261802575
21,Angola,2018-06-30,743.2099999999999,-20.24,2018,54.95999999999992,7.9854703959317
22,Angola,2018-09-30,0.0,0.0,2018,-670.01,-100.0
23,Angola,2018-12-31,573.24,-40.13,2018,573.24,inf
24,Angola,2019-03-31,421.39,-25.28,2019,375.24,813.0877573131098
25,Angola,2019-06-30,39.8,-3.18,2019,-703.41,-94.64485138789844
26,Angola,2019-09-30,703.0699999999999,34.61,2019,703.0699999999999,inf
27,Angola,2019-12-31,0.0,0.0,2019,-573.24,-100.0
28,Angola,2020-03-31,460.06,41.41,2020,38.670000000000016,9.176772111345787
29,Angola,2020-06-30,398.18,-19.91,2020,358.38,900.4522613065325
30,Angola,2020-09-30,366.34,0.0,2020,-336.72999999999996,-47.89423528240431
31,Angola,2020-12-31,878.19,61.47,2020,878.19,inf
32,Benin,2017-03-31,1282.29,88.47999999999999,2017,,
33,Benin,2017-06-30,2412.11,48.4,2017,,
34,Benin,2017-09-30,739.48,-7.39,2017,,
35,Benin,2017-12-31,674.26,-31.28,2017,,
36,Benin,2018-03-31,1407.0900000000001,123.21,2018,124.80000000000018,9.732587792153117
37,Benin,2018-06-30,1358.77,-43.519999999999996,2018,-1053.3400000000001,-43.6688210736658
38,Benin,2018-09-30,658.8,-31.42,2018,-80.68000000000006,-10.91036944880187
39,Benin,2018-12-31,0.0,0.0,2018,-674.26,-100.0
40,Benin,2019-03-31,686.65,44.64,2019,-720.4400000000002,-51.200705001101575
41,Benin,2019-06-30,873.5,-24.93,2019,-485.27,-35.71391773442157
42,Benin,2019-09-30,1872.94,90.47999999999999,2019,1214.14,184.29568913175473
43,Benin,2019-12-31,517.7,0.0,2019,517.7,inf
44,Benin,2020-03-31,575.84,30.48,2020,-110.80999999999995,-16.137770334231405
45,Benin,2020-06-30,2432.26,-81.39,2020,1558.7600000000002,178.4499141385232
46,Benin,2020-09-30,657.94,-38.64,2020,-1215.0,-64.87127190406527
47,Benin,2020-12-31,830.33,-8.3,2020,312.63,60.38825574657136
48,Botswana,2017-03-31,660.12,0.0,2017,,
49,Botswana,2017-06-30,953.86,95.39,2017,,
50,Botswana,2017-09-30,874.66,78.72,2017,,
51,Botswana,2017-12-31,114.52,-3.44,2017,,
52,Botswana,2018-03-31,1383.3700000000001,70.28,2018,723.2500000000001,109.56341271284012
53,Botswana,2018-06-30,430.46,25.83,2018,-523.4000000000001,-54.87178411926279
54,Botswana,2018-09-30,0.0,0.0,2018,-874.66,-100.0
55,Botswana,2018-12-31,197.18,-5.92,2018,82.66000000000001,72.17953195948307
56,Botswana,2019-03-31,471.08,0.0,2019,-912.2900000000002,-65.94692670796678
57,Botswana,2019-06-30,800.32,-48.02,2019,369.86000000000007,85.92203689076804
58,Botswana,2019-09-30,93.74,1.87,2019,93.74,inf
59,Botswana,2019-12-31,137.27,-2.75,2019,-59.91,-30.38340602495182
60,Botswana,2020-03-31,662.15,-23.7,2020,191.07,40.55998981064787
61,Botswana,2020-06-30,0.0,0.0,2020,-800.32,-100.0
62,Botswana,2020-09-30,1154.9,-24.689999999999998,2020,1061.16,1132.0247493065926
63,Burkina Faso,2017-03-31,1101.3600000000001,30.66,2017,,
64,Burkina Faso,2017-06-30,0.0,0.0,2017,,
65,Burkina Faso,2017-09-30,745.22,-29.81,2017,,
66,Burkina Faso,2017-12-31,488.98,-29.34,2017,,
67,Burkina Faso,2018-03-31,1914.35,-48.209999999999994,2018,812.9899999999998,73.81691726592574
68,Burkina Faso,2018-06-30,994.43,9.94,2018,994.43,inf
69,Burkina Faso,2018-09-30,0.0,0.0,2018,-745.22,-100.0
70,Burkina Faso,2018-12-31,608.71,60.87,2018,119.73000000000002,24.48566403533887
71,Burkina Faso,2019-03-31,1370.0700000000002,34.28,2019,-544.2799999999997,-28.431582521482472
72,Burkina Faso,2019-06-30,0.0,0.0,2019,-994.43,-100.0
73,Burkina Faso,2019-09-30,977.29,-58.64,2019,977.29,inf
74,Burkina Faso,2019-12-31,5.47,0.55,2019,-603.24,-99.10137832465377
75,Burkina Faso,2020-03-31,1173.28,-63.3,2020,-196.7900000000002,-14.36349967519909
76,Burkina Faso,2020-06-30,0.0,0.0,2020,0.0,
77,Burkina Faso,2020-09-30,642.1999999999999,-18.0,2020,-335.09000000000003,-34.287673055080894
78,Burundi,2017-03-31,1356.1200000000001,69.97,2017,,
79,Burundi,2017-06-30,542.68,0.0,2017,,
80,Burundi,2017-09-30,0.0,0.0,2017,,
81,Burundi,2017-12-31,81.63,0.82,2017,,
82,Burundi,2018-03-31,349.79,-27.98,2018,-1006.3300000000002,-74.20655989145504
83,Burundi,2018-06-30,472.26,9.45,2018,-70.41999999999996,-12.976339647674498
84,Burundi,2018-09-30,757.23,0.0,2018,757.23,inf
85,Burundi,2018-12-31,644.43,-6.44,2018,562.8,689.4524072032341
86,Burundi,2019-03-31,118.96,-2.38,2019,-230.83000000000004,-65.99102318533978
87,Burundi,2019-06-30,785.12,39.26,2019,312.86,66.24740608986576
88,Burundi,2019-09-30,861.38,8.61,2019,104.14999999999998,13.754077360907516
89,Burundi,2019-12-31,865.69,51.94,2019,221.2600000000001,34.33421783591703
90,Burundi,2020-03-31,326.34,32.63,2020,207.38,174.3275050437122
91,Burundi,2020-06-30,1044.73,-21.52,2020,259.61,33.066282861218674
92,Burundi,2020-09-30,0.0,0.0,2020,-861.38,-100.0
93,Burundi,2020-12-31,181.34,-12.69,2020,-684.35,-79.05254767873025
94,Cameroon,2017-03-31,1733.02,99.48000000000002,2017,,
95,Cameroon,2017-06-30,1597.18,-76.97,2017,,
96,Cameroon,2017-09-30,609.53,42.67,2017,,
97,Cameroon,2017-12-31,466.81,-23.34,2017,,
98,Cameroon,2018-03-31,924.4399999999999,-18.49,2018,-808.58,-46.657280354525625
99,Cameroon,2018-06-30,0.0,0.0,2018,-1597.18,-100.0
100,Cameroon,2018-09-30,1525.98,-69.36,2018,916.45,150.35355109674668
101,Cameroon,2018-12-31,549.16,27.46,2018,82.34999999999997,17.641010261134074
102,Cameroon,2019-03-31,1275.0,84.39,2019,350.56000000000006,37.92133616027001
103,Cameroon,2019-06-30,1010.27,-33.05,2019,1010.27,inf
104,Cameroon,2019-09-30,2404.1800000000003,73.67,2019,878.2000000000003,57.54990235782908
105,Cameroon,2019-12-31,0.0,0.0,2019,-549.16,-100.0
106,Cameroon,2020-03-31,1579.5700000000002,26.439999999999994,2020,304.57000000000016,23.887843137254915
107,Cameroon,2020-06-30,1164.97,27.69,2020,154.70000000000005,15.312738178902674
108,Cameroon,2020-09-30,1297.46,95.25,2020,-1106.7200000000003,-46.0331589148899
109,Cameroon,2020-12-31,403.75,-12.11,2020,403.75,inf
110,Central African Republic,2017-03-31,814.75,43.39,2017,,
111,Central African Republic,2017-06-30,0.0,0.0,2017,,
112,Central African Republic,2017-09-30,1050.3899999999999,23.3,2017,,
113,Central African Republic,2017-12-31,0.0,0.0,2017,,
114,Central African Republic,2018-03-31,669.9,33.5,2018,-144.85000000000002,-17.77845965019945
115,Central African Republic,2018-06-30,995.01,-59.7,2018,995.01,inf
116,Central African Republic,2018-09-30,602.69,9.33,2018,-447.6999999999998,-42.62226411142527
117,Central African Republic,2018-12-31,0.0,0.0,2018,0.0,
118,Central African Republic,2019-03-31,743.9,52.07,2019,74.0,11.046424839528287
119,Central African Republic,2019-06-30,595.08,5.95,2019,-399.92999999999995,-40.19356589381011
120,Central African Republic,2019-09-30,168.78,-10.13,2019,-433.9100000000001,-71.99555326950838
121,Central African Republic,2019-12-31,461.66,41.55,2019,461.66,inf
122,Central African Republic,2020-03-31,975.17,51.67,2020,231.26999999999998,31.08885602903616
123,Central African Republic,2020-06-30,0.0,0.0,2020,-595.08,-100.0
124,Central African Republic,2020-09-30,386.36,-30.91,2020,217.58,128.9133783623652
125,Central African Republic,2020-12-31,687.01,-13.74,2020,225.34999999999997,48.8129792487978
126,Chad,2017-03-31,443.13,4.43,2017,,
127,Chad,2017-06-30,35.55,3.2,2017,,
128,Chad,2017-09-30,85.19,-2.56,2017,,
129,Chad,2017-12-31,704.01,28.16,2017,,
130,Chad,2018-03-31,876.8900000000001,4.17,2018,433.7600000000001,97.88549635547133
131,Chad,2018-06-30,432.43,30.27,2018,396.88,1116.3994374120953
132,Chad,2018-09-30,0.0,0.0,2018,-85.19,-100.0
133,Chad,2018-12-31,895.52,17.91,2018,191.51,27.202738597463107
134,Chad,2019-03-31,270.01,-10.8,2019,-606.8800000000001,-69.20822452074947
135,Chad,2019-06-30,472.81,42.55,2019,40.379999999999995,9.337927525842332
136,Chad,2019-09-30,0.0,0.0,2019,0.0,
137,Chad,2019-12-31,163.34,-11.43,2019,-732.18,-81.76031802751473
138,Chad,2020-03-31,456.72,18.27,2020,186.71000000000004,69.14929076700864
139,Chad,2020-06-30,400.93,36.08,2020,-71.88,-15.202724138660347
140,Chad,2020-09-30,45.39,3.15,2020,45.39,inf
141,Congo,2017-03-31,306.1,0.0,2017,,
142,Congo,2017-06-30,1675.54,10.590000000000003,2017,,
143,Congo,2017-09-30,0.0,0.0,2017,,
144,Congo,2017-12-31,483.35,-33.83,2017,,
145,Congo,2018-03-31,1022.56,-6.550000000000001,2018,716.4599999999999,234.06076445606007
146,Congo,2018-06-30,983.19,78.66,2018,-692.3499999999999,-41.32100695895054
147,Congo,2018-09-30,0.0,0.0,2018,0.0,
148,Congo,2018-12-31,59.11,4.73,2018,-424.24,-87.77076652529223
149,Congo,2019-03-31,1491.56,78.62,2019,469.0,45.86527929901424
150,Congo,2019-06-30,0.0,0.0,2019,-983.19,-100.0
151,Congo,2019-09-30,146.09,11.69,2019,146.09,inf
152,Congo,2019-12-31,498.92,-4.99,2019,439.81,744.0534596514971
153,Congo,2020-03-31,174.91,-7.0,2020,-1316.6499999999999,-88.27335139049049
154,Congo,2020-06-30,340.78,-13.63,2020,340.78,inf
155,Congo,2020-09-30,987.23,-9.87,2020,841.14,575.7683619686493
156,Congo,2020-12-31,535.14,-26.76,2020,36.21999999999997,7.25968091076725
157,Cote d'Ivoire,2017-03-31,1954.1200000000001,-0.3299999999999983,2017,,
158,Cote d'Ivoire,2017-06-30,0.0,0.0,2017,,
159,Cote d'Ivoire,2017-09-30,2669.0600000000004,-143.5,2017,,
160,Cote d'Ivoire,2017-12-31,0.0,0.0,2017,,
161,Cote d'Ivoire,2018-03-31,982.1400000000001,-66.26,2018,-971.98,-49.74003643583813
162,Cote d'Ivoire,2018-06-30,1483.72,-47.74000000000001,2018,1483.72,inf
163,Cote d'Ivoire,2018-09-30,964.23,68.36,2018,-1704.8300000000004,-63.87379826605621
164,Cote d'Ivoire,2018-12-31,294.18,-23.53,2018,294.18,inf
165,Cote d'Ivoire,2019-03-31,2481.4,-134.5,2019,1499.26,152.65237135235301
166,Cote d'Ivoire,2019-06-30,510.55,30.63,2019,-973.1700000000001,-65.58986870838164
167,Cote d'Ivoire,2019-09-30,798.03,78.72,2019,-166.20000000000005,-17.236551445194614
168,Cote d'Ivoire,2019-12-31,1645.88,1.4800000000000004,2019,1351.7,459.48059011489556
169,Cote d'Ivoire,2020-03-31,1517.83,110.72,2020,-963.5700000000002,-38.83170790682679
170,Cote d'Ivoire,2020-06-30,86.84,-5.21,2020,-423.71000000000004,-82.99089217510527
171,Cote d'Ivoire,2020-09-30,2679.86,16.140000000000008,2020,1881.8300000000002,235.8094307231558
172,Democratic Republic of the Congo,2017-03-31,1517.29,35.93,2017,,
173,Democratic Republic of the Congo,2017-06-30,782.9300000000001,3.41,2017,,
174,Democratic Republic of the Congo,2017-09-30,2296.8500000000004,67.92999999999999,2017,,
175,Democratic Republic of the Congo,2017-12-31,1259.08,25.29,2017,,
176,Democratic Republic of the Congo,2018-03-31,977.6299999999999,-7.83,2018,-539.6600000000001,-35.56736022777452
177,Democratic Republic of the Congo,2018-06-30,1911.5700000000002,128.6,2018,1128.64,144.15592709437627
178,Democratic Republic of the Congo,2018-09-30,1694.9,35.91,2018,-601.9500000000003,-26.20763219191502
179,Democratic Republic of the Congo,2018-12-31,1593.5,-67.68,2018,334.4200000000001,26.560663341487444
180,Democratic Republic of the Congo,2019-03-31,2271.66,212.24,2019,1294.03,132.36398228368606
181,Democratic Republic of the Congo,2019-06-30,1908.7499999999998,-26.18,2019,-2.820000000000391,-0.1475227169290369
182,Democratic Republic of the Congo,2019-09-30,725.0799999999999,-15.200000000000003,2019,-969.8200000000002,-57.21989497905482
183,Democratic Republic of the Congo,2019-12-31,430.15,-30.11,2019,-1163.35,-73.0059617194854
184,Democratic Republic of the Congo,2020-03-31,1834.0900000000001,5.140000000000003,2020,-437.5699999999997,-19.262125494132032
185,Democratic Republic of the Congo,2020-06-30,2286.87,-42.559999999999995,2020,378.1200000000001,19.809823182711206
186,Democratic Republic of the Congo,2020-09-30,1829.6799999999998,78.98,2020,1104.6,152.34181055883488
187,Democratic Republic of the Congo,2020-12-31,481.62,14.45,2020,51.47000000000003,11.965593397651988
188,Djibouti,2017-03-31,885.22,-26.56,2017,,
189,Djibouti,2017-06-30,724.69,-7.25,2017,,
190,Djibouti,2017-09-30,1395.1599999999999,21.15,2017,,
191,Djibouti,2017-12-31,0.0,0.0,2017,,
192,Djibouti,2018-03-31,422.1,-6.34,2018,-463.12,-52.31693816226475
193,Djibouti,2018-06-30,688.39,-20.65,2018,-36.30000000000007,-5.009038347431324
194,Djibouti,2018-09-30,818.68,40.93,2018,-576.4799999999999,-41.3199919722469
195,Djibouti,2018-12-31,0.0,0.0,2018,0.0,
196,Djibouti,2019-03-31,833.21,16.66,2019,411.11,97.39635157545605
197,Djibouti,2019-06-30,914.68,-30.630000000000003,2019,226.28999999999996,32.872354334025765
198,Djibouti,2019-09-30,952.85,-28.59,2019,134.17000000000007,16.388576733277972
199,Djibouti,2019-12-31,0.0,0.0,2019,0.0,
200,Djibouti,2020-03-31,1325.03,35.09,2020,491.81999999999994,59.02713601613038
201,Djibouti,2020-06-30,0.0,0.0,2020,-914.68,-100.0
202,Djibouti,2020-09-30,38.26,-0.77,2020,-914.59,-95.98467754630843
203,Djibouti,2020-12-31,338.99,-6.78,2020,338.99,inf
204,Egypt,2017-03-31,1205.74,74.22,2017,,
205,Egypt,2017-06-30,510.23,20.41,2017,,
206,Egypt,2017-09-30,928.29,46.41,2017,,
207,Egypt,2017-12-31,0.0,0.0,2017,,
208,Egypt,2018-03-31,120.75,1.21,2018,-1084.99,-89.98540315490902
209,Egypt,2018-06-30,754.3,15.870000000000005,2018,244.06999999999994,47.83528996726965
210,Egypt,2018-09-30,654.41,32.72,2018,-273.88,-29.503711124756272
211,Egypt,2018-12-31,0.0,0.0,2018,0.0,
212,Egypt,2019-03-31,435.44,21.77,2019,314.69,260.6128364389234
213,Egypt,2019-06-30,979.71,-20.630000000000003,2019,225.41000000000008,29.88333554288746
214,Egypt,2019-09-30,0.0,0.0,2019,-654.41,-100.0
215,Egypt,2019-12-31,485.04,-38.8,2019,485.04,inf
216,Egypt,2020-03-31,303.03,-18.18,2020,-132.41000000000003,-30.408322616204302
217,Egypt,2020-06-30,510.23,17.35,2020,-469.48,-47.92030294679038
218,Egypt,2020-09-30,0.0,0.0,2020,0.0,
219,Egypt,2020-12-31,506.78,-10.14,2020,21.739999999999952,4.482104568695355
220,Equatorial Guinea,2017-03-31,1873.34,-33.870000000000005,2017,,
221,Equatorial Guinea,2017-06-30,0.0,0.0,2017,,
222,Equatorial Guinea,2017-09-30,1156.96,33.66,2017,,
223,Equatorial Guinea,2017-12-31,0.0,0.0,2017,,
224,Equatorial Guinea,2018-03-31,32.98,-2.64,2018,-1840.36,-98.23950804445536
225,Equatorial Guinea,2018-06-30,301.1,9.03,2018,301.1,inf
226,Equatorial Guinea,2018-09-30,1350.69,3.6799999999999997,2018,193.73000000000002,16.74474484856866
227,Equatorial Guinea,2018-12-31,0.0,0.0,2018,0.0,
228,Equatorial Guinea,2019-03-31,207.77,6.23,2019,174.79000000000002,529.987871437235
229,Equatorial Guinea,2019-06-30,497.89,9.96,2019,196.78999999999996,65.35702424443704
230,Equatorial Guinea,2019-09-30,649.16,32.46,2019,-701.5300000000001,-51.93863876981395
231,Equatorial Guinea,2019-12-31,800.51,32.02,2019,800.51,inf
232,Equatorial Guinea,2020-03-31,691.53,17.36,2020,483.76,232.83438417480872
233,Equatorial Guinea,2020-06-30,481.01,-9.62,2020,-16.879999999999995,-3.3903070959448867
234,Equatorial Guinea,2020-09-30,289.07,-20.23,2020,-360.09,-55.47014603487583
235,Eritrea,2017-03-31,988.55,21.68,2017,,
236,Eritrea,2017-06-30,857.28,-34.29,2017,,
237,Eritrea,2017-09-30,0.0,0.0,2017,,
238,Eritrea,2017-12-31,155.37,-1.55,2017,,
239,Eritrea,2018-03-31,1131.32,82.19,2018,142.76999999999998,14.44236508016792
240,Eritrea,2018-06-30,0.0,0.0,2018,-857.28,-100.0
241,Eritrea,2018-09-30,829.05,8.29,2018,829.05,inf
242,Eritrea,2018-12-31,699.51,-7.0,2018,544.14,350.2220505889168
243,Eritrea,2019-03-31,832.45,76.72,2019,-298.8699999999999,-26.417812820422153
244,Eritrea,2019-06-30,0.0,0.0,2019,0.0,
245,Eritrea,2019-09-30,325.46,6.51,2019,-503.59,-60.743019118267895
246,Eritrea,2019-12-31,0.0,0.0,2019,-699.51,-100.0
247,Eritrea,2020-03-31,845.23,-50.71,2020,12.779999999999973,1.535227340981437
248,Eritrea,2020-06-30,891.31,26.74,2020,891.31,inf
249,Eritrea,2020-09-30,856.67,-59.97,2020,531.21,163.21821421987346
250,Eritrea,2020-12-31,310.64,3.11,2020,310.64,inf
251,Ethiopia,2017-03-31,509.93,10.2,2017,,
252,Ethiopia,2017-06-30,600.36,6.0,2017,,
253,Ethiopia,2017-09-30,18.17,0.73,2017,,
254,Ethiopia,2017-12-31,386.59,-23.2,2017,,
255,Ethiopia,2018-03-31,932.04,74.56,2018,422.10999999999996,82.77802835683327
256,Ethiopia,2018-06-30,867.75,65.55,2018,267.39,44.53827703377973
257,Ethiopia,2018-09-30,0.0,0.0,2018,-18.17,-100.0
258,Ethiopia,2018-12-31,751.02,-15.02,2018,364.43,94.2678289660881
259,Ethiopia,2019-03-31,599.04,-7.619999999999999,2019,-333.0,-35.72808033989958
260,Ethiopia,2019-06-30,0.0,0.0,2019,-867.75,-100.0
261,Ethiopia,2019-09-30,624.27,49.94,2019,624.27,inf
262,Ethiopia,2019-12-31,743.67,29.75,2019,-7.350000000000023,-0.9786690101462042
263,Ethiopia,2020-03-31,638.73,25.88,2020,39.690000000000055,6.625600961538471
264,Ethiopia,2020-06-30,0.0,0.0,2020,0.0,
265,Ethiopia,2020-09-30,872.97,0.0,2020,248.70000000000005,39.83853140468068
266,Ethiopia,2020-12-31,649.92,-6.5,2020,-93.75,-12.60639799911251
267,Gabon,2017-03-31,1936.96,67.64,2017,,
268,Gabon,2017-06-30,914.72,0.0,2017,,
269,Gabon,2017-09-30,950.34,-66.52,2017,,
270,Gabon,2017-12-31,0.0,0.0,2017,,
271,Gabon,2018-03-31,651.85,13.04,2018,-1285.1100000000001,-66.34674954567983
272,Gabon,2018-06-30,183.0,16.47,2018,-731.72,-79.9938779079937
273,Gabon,2018-09-30,53.37,-4.27,2018,-896.97,-94.38411515878528
274,Gabon,2018-12-31,692.57,0.0,2018,692.57,inf
275,Gabon,2019-03-31,46.01,4.6,2019,-605.84,-92.94162767507862
276,Gabon,2019-06-30,1272.35,7.75,2019,1089.35,595.2732240437158
277,Gabon,2019-09-30,0.0,0.0,2019,-53.37,-100.0
278,Gabon,2019-12-31,771.44,77.14,2019,78.87,11.388018539642202
279,Gabon,2020-03-31,209.14,-8.37,2020,163.13,354.5533579656597
280,Gabon,2020-06-30,1262.8899999999999,-101.03,2020,-9.460000000000036,-0.7435061107399723
281,Gabon,2020-09-30,157.86,-7.89,2020,157.86,inf
282,Ghana,2017-03-31,753.1899999999999,7.06,2017,,
283,Ghana,2017-06-30,0.0,0.0,2017,,
284,Ghana,2017-09-30,1119.81,-9.78,2017,,
285,Ghana,2017-12-31,1732.4499999999998,-22.120000000000005,2017,,
286,Ghana,2018-03-31,1467.72,-40.33,2018,714.5300000000001,94.86716499156921
287,Ghana,2018-06-30,783.41,23.5,2018,783.41,inf
288,Ghana,2018-09-30,1396.5100000000002,99.04,2018,276.7000000000003,24.709548941338287
289,Ghana,2018-12-31,432.15,43.22,2018,-1300.2999999999997,-75.05555715893676
290,Ghana,2019-03-31,2239.88,81.51,2019,772.1600000000001,52.60948954841523
291,Ghana,2019-06-30,1319.52,-81.82000000000001,2019,536.11,68.43287678227237
292,Ghana,2019-09-30,472.79999999999995,20.15,2019,-923.7100000000003,-66.14417369012754
293,Ghana,2019-12-31,535.35,-26.77,2019,103.20000000000005,23.880597014925385
294,Ghana,2020-03-31,1051.1399999999999,21.85,2020,-1188.7400000000002,-53.07159312106007
295,Ghana,2020-06-30,817.72,8.18,2020,-501.79999999999995,-38.02898023523705
296,Ghana,2020-09-30,1532.3600000000001,59.81999999999999,2020,1059.5600000000002,224.10321489001697
297,Ghana,2020-12-31,432.32,17.29,2020,-103.03000000000003,-19.245353507051465
298,Guinea,2017-03-31,1014.67,46.25,2017,,
299,Guinea,2017-06-30,10.69,-0.75,2017,,
300,Guinea,2017-09-30,0.0,0.0,2017,,
301,Guinea,2017-12-31,291.86,-17.51,2017,,
302,Guinea,2018-03-31,683.4100000000001,-39.72,2018,-331.2599999999999,-32.647067519489084
303,Guinea,2018-06-30,0.0,0.0,2018,-10.69,-100.0
304,Guinea,2018-09-30,197.63,1.98,2018,197.63,inf
305,Guinea,2018-12-31,371.08,-3.71,2018,79.21999999999997,27.143150825738356
306,Guinea,2019-03-31,784.48,-39.22,2019,101.06999999999994,14.78907244553049
307,Guinea,2019-06-30,1264.35,-19.2,2019,1264.35,inf
308,Guinea,2019-09-30,0.0,0.0,2019,-197.63,-100.0
309,Guinea,2019-12-31,350.47,28.04,2019,-20.609999999999957,-5.554058424059491
310,Guinea,2020-03-31,547.17,16.42,2020,-237.31000000000006,-30.250611870283507
311,Guinea,2020-06-30,821.64,-24.65,2020,-442.7099999999999,-35.01482975441926
312,Guinea,2020-09-30,255.31,-12.77,2020,255.31,inf
313,Guinea-Bissau,2017-03-31,28.16,0.28,2017,,
314,Guinea-Bissau,2017-06-30,1342.32,77.17999999999999,2017,,
315,Guinea-Bissau,2017-09-30,0.0,0.0,2017,,
316,Guinea-Bissau,2017-12-31,812.02,40.6,2017,,
317,Guinea-Bissau,2018-03-31,890.77,5.79,2018,862.61,3063.245738636367
318,Guinea-Bissau,2018-06-30,0.0,0.0,2018,-1342.32,-100.0
319,Guinea-Bissau,2018-09-30,1146.63,68.86,2018,1146.63,inf
320,Guinea-Bissau,2018-12-31,0.0,0.0,2018,-812.02,-100.0
321,Guinea-Bissau,2019-03-31,119.64,10.77,2019,-771.13,-86.5689235156101
322,Guinea-Bissau,2019-06-30,768.8900000000001,-11.870000000000001,2019,768.8900000000001,inf
323,Guinea-Bissau,2019-09-30,0.0,0.0,2019,-1146.63,-100.0
324,Guinea-Bissau,2019-12-31,547.68,-38.34,2019,547.68,inf
325,Guinea-Bissau,2020-03-31,776.71,6.059999999999999,2020,657.07,549.2059511868941
326,Guinea-Bissau,2020-06-30,53.89,4.31,2020,-715.0000000000001,-92.99119509942905
327,Guinea-Bissau,2020-09-30,0.0,0.0,2020,0.0,
328,Guinea-Bissau,2020-12-31,428.02,38.52,2020,-119.65999999999997,-21.848524685947996
329,Kenya,2017-03-31,992.58,49.63,2017,,
330,Kenya,2017-06-30,975.9200000000001,-69.56,2017,,
331,Kenya,2017-09-30,0.0,0.0,2017,,
332,Kenya,2017-12-31,341.57,-10.25,2017,,
333,Kenya,2018-03-31,425.64,-24.849999999999998,2018,-566.94,-57.11781418122469
334,Kenya,2018-06-30,0.0,0.0,2018,-975.9200000000001,-100.0
335,Kenya,2018-09-30,768.89,-23.07,2018,768.89,inf
336,Kenya,2018-12-31,606.12,24.24,2018,264.55,77.451181309834
337,Kenya,2019-03-31,344.77,-13.79,2019,-80.87,-18.99962409547975
338,Kenya,2019-06-30,1188.3899999999999,42.65,2019,1188.3899999999999,inf
339,Kenya,2019-09-30,759.18,-15.18,2019,-9.710000000000036,-1.2628594467349084
340,Kenya,2019-12-31,0.0,0.0,2019,-606.12,-100.0
341,Kenya,2020-03-31,914.44,12.799999999999999,2020,569.6700000000001,165.2318937262523
342,Kenya,2020-06-30,613.64,-30.68,2020,-574.7499999999999,-48.363752640126556
343,Kenya,2020-09-30,0.0,0.0,2020,-759.18,-100.0
344,Kenya,2020-12-31,737.57,36.88,2020,737.57,inf
345,Lesotho,2017-03-31,153.27,4.6,2017,,
346,Lesotho,2017-06-30,484.25,33.9,2017,,
347,Lesotho,2017-09-30,1125.27,65.72,2017,,
348,Lesotho,2017-12-31,0.0,0.0,2017,,
349,Lesotho,2018-03-31,711.29,56.9,2018,558.02,364.0764663665427
350,Lesotho,2018-06-30,758.39,-58.22,2018,274.14,56.61125451729478
351,Lesotho,2018-09-30,401.94,-8.04,2018,-723.3299999999999,-64.28057266256097
352,Lesotho,2018-12-31,0.0,0.0,2018,0.0,
353,Lesotho,2019-03-31,264.4,23.8,2019,-446.89,-62.82810105582814
354,Lesotho,2019-06-30,716.33,35.82,2019,-42.059999999999945,-5.545959203048556
355,Lesotho,2019-09-30,758.2600000000001,66.17999999999999,2019,356.3200000000001,88.65004727073695
356,Lesotho,2019-12-31,0.0,0.0,2019,0.0,
357,Lesotho,2020-03-31,587.27,25.49,2020,322.87,122.11422087745841
358,Lesotho,2020-06-30,930.77,46.54,2020,214.43999999999994,29.935923387265635
359,Lesotho,2020-09-30,526.93,-26.35,2020,-231.33000000000015,-30.50800516973072
360,Liberia,2017-03-31,1238.6,-74.64,2017,,
361,Liberia,2017-06-30,480.03,4.8,2017,,
362,Liberia,2017-09-30,78.12,-5.47,2017,,
363,Liberia,2017-12-31,0.0,0.0,2017,,
364,Liberia,2018-03-31,634.05,-50.72,2018,-604.55,-48.809139350880024
365,Liberia,2018-06-30,236.5,-18.92,2018,-243.52999999999997,-50.73224590129784
366,Liberia,2018-09-30,50.48,-4.04,2018,-27.640000000000008,-35.38146441372248
367,Liberia,2018-12-31,778.49,54.49,2018,778.49,inf
368,Liberia,2019-03-31,750.82,-49.29,2019,116.7700000000001,18.416528664931803
369,Liberia,2019-06-30,515.28,-10.31,2019,278.78,117.87737843551795
370,Liberia,2019-09-30,0.0,0.0,2019,-50.48,-100.0
371,Liberia,2019-12-31,306.96,9.21,2019,-471.53000000000003,-60.56982106385439
372,Liberia,2020-03-31,1190.47,24.25,2020,439.65,58.55597879651581
373,Liberia,2020-06-30,0.0,0.0,2020,-515.28,-100.0
374,Liberia,2020-09-30,239.28,-4.79,2020,239.28,inf
375,Liberia,2020-12-31,133.26,-8.0,2020,-173.7,-56.58717748240814
376,Libya,2017-03-31,901.98,29.560000000000002,2017,,
377,Libya,2017-06-30,587.33,-5.87,2017,,
378,Libya,2017-09-30,0.0,0.0,2017,,
379,Libya,2017-12-31,823.82,16.48,2017,,
380,Libya,2018-03-31,740.66,74.07,2018,-161.32000000000005,-17.885097230537266
381,Libya,2018-06-30,980.8700000000001,25.529999999999998,2018,393.5400000000001,67.00492057276148
382,Libya,2018-09-30,183.31,12.83,2018,183.31,inf
383,Libya,2018-12-31,0.0,0.0,2018,-823.82,-100.0
384,Libya,2019-03-31,631.19,-23.96,2019,-109.46999999999991,-14.780061026651895
385,Libya,2019-06-30,0.0,0.0,2019,-980.8700000000001,-100.0
386,Libya,2019-09-30,1242.01,49.68000000000001,2019,1058.7,577.5462331569474
387,Libya,2019-12-31,0.0,0.0,2019,0.0,
388,Libya,2020-03-31,112.07,3.36,2020,-519.1200000000001,-82.24464899634026
389,Libya,2020-06-30,171.11,6.84,2020,171.11,inf
390,Libya,2020-09-30,344.48,10.33,2020,-897.53,-72.26431349183984
391,Libya,2020-12-31,106.59,-6.4,2020,106.59,inf
392,Madagascar,2017-03-31,1033.71,-74.81,2017,,
393,Madagascar,2017-06-30,0.0,0.0,2017,,
394,Madagascar,2017-09-30,787.38,-15.75,2017,,
395,Madagascar,2017-12-31,947.92,37.92,2017,,
396,Madagascar,2018-03-31,893.28,-71.46,2018,-140.43000000000006,-13.58504803087907
397,Madagascar,2018-06-30,924.49,38.809999999999995,2018,924.49,inf
398,Madagascar,2018-09-30,0.0,0.0,2018,-787.38,-100.0
399,Madagascar,2018-12-31,859.08,-25.77,2018,-88.83999999999992,-9.372098911300524
400,Madagascar,2019-03-31,1116.92,-4.47,2019,223.6400000000001,25.035823034211006
401,Madagascar,2019-06-30,0.0,0.0,2019,-924.49,-100.0
402,Madagascar,2019-09-30,1138.96,104.43,2019,1138.96,inf
403,Madagascar,2019-12-31,0.0,0.0,2019,-859.08,-100.0
404,Madagascar,2020-03-31,644.44,20.86,2020,-472.48,-42.30204490921462
405,Madagascar,2020-06-30,0.0,0.0,2020,0.0,
406,Madagascar,2020-09-30,600.21,-6.0,2020,-538.75,-47.301924562759005
407,Madagascar,2020-12-31,32.73,-0.65,2020,32.73,inf
408,Malawi,2017-03-31,1492.78,27.96,2017,,
409,Malawi,2017-06-30,985.55,54.089999999999996,2017,,
410,Malawi,2017-09-30,1625.23,-14.910000000000004,2017,,
411,Malawi,2017-12-31,159.38,-12.75,2017,,
412,Malawi,2018-03-31,1889.8500000000001,99.53999999999999,2018,397.07000000000016,26.59936494326024
413,Malawi,2018-06-30,1462.66,-14.870000000000001,2018,477.1100000000001,48.41053219014765
414,Malawi,2018-09-30,2083.9700000000003,21.619999999999997,2018,458.74000000000024,28.22615875906796
415,Malawi,2018-12-31,0.0,0.0,2018,-159.38,-100.0
416,Malawi,2019-03-31,1033.5,-31.2,2019,-856.3500000000001,-45.31312008889595
417,Malawi,2019-06-30,317.87,31.79,2019,-1144.79,-78.26767669861759
418,Malawi,2019-09-30,1692.8000000000002,99.35,2019,-391.1700000000001,-18.770423758499405
419,Malawi,2019-12-31,692.45,6.92,2019,692.45,inf
420,Malawi,2020-03-31,1409.85,-15.88,2020,376.3499999999999,36.415094339622634
421,Malawi,2020-06-30,316.12,-6.32,2020,-1.75,-0.5505395287381634
422,Malawi,2020-09-30,983.97,28.869999999999997,2020,-708.8300000000002,-41.87322778827978
423,Malawi,2020-12-31,1028.89,45.97,2020,336.44000000000005,48.58690158134162
424,Mali,2017-03-31,847.01,42.35,2017,,
425,Mali,2017-06-30,242.34,-16.96,2017,,
426,Mali,2017-09-30,499.61,-38.01,2017,,
427,Mali,2017-12-31,0.0,0.0,2017,,
428,Mali,2018-03-31,305.74,-9.17,2018,-541.27,-63.90361388885609
429,Mali,2018-06-30,265.44,15.93,2018,23.099999999999994,9.532062391681107
430,Mali,2018-09-30,891.4000000000001,48.800000000000004,2018,391.7900000000001,78.41916695022118
431,Mali,2018-12-31,0.0,0.0,2018,0.0,
432,Mali,2019-03-31,1083.56,-39.45,2019,777.8199999999999,254.40570419310524
433,Mali,2019-06-30,0.0,0.0,2019,-265.44,-100.0
434,Mali,2019-09-30,77.85,-6.23,2019,-813.5500000000001,-91.26654700471168
435,Mali,2019-12-31,572.27,-11.45,2019,572.27,inf
436,Mali,2020-03-31,827.7,26.55,2020,-255.8599999999999,-23.612905607442126
437,Mali,2020-06-30,0.0,0.0,2020,0.0,
438,Mali,2020-09-30,619.63,4.73,2020,541.78,695.9280667951185
439,Mauritania,2017-03-31,211.03,12.66,2017,,
440,Mauritania,2017-06-30,838.86,58.72,2017,,
441,Mauritania,2017-09-30,573.76,-34.43,2017,,
442,Mauritania,2017-12-31,0.0,0.0,2017,,
443,Mauritania,2018-03-31,1022.63,17.88,2018,811.6,384.5898687390419
444,Mauritania,2018-06-30,0.0,0.0,2018,-838.86,-100.0
445,Mauritania,2018-09-30,1088.88,52.78,2018,515.1200000000001,89.7796988287786
446,Mauritania,2018-12-31,0.0,0.0,2018,0.0,
447,Mauritania,2019-03-31,939.8100000000001,-9.129999999999999,2019,-82.81999999999994,-8.09872583436824
448,Mauritania,2019-06-30,356.89,-17.84,2019,356.89,inf
449,Mauritania,2019-09-30,0.0,0.0,2019,-1088.88,-100.0
450,Mauritania,2019-12-31,784.94,78.49,2019,784.94,inf
451,Mauritania,2020-03-31,949.73,37.99,2020,9.919999999999959,1.0555325012502483
452,Mauritania,2020-06-30,1434.54,119.94,2020,1077.65,301.9557846955646
453,Mauritania,2020-09-30,871.54,-17.43,2020,871.54,inf
454,Mauritius,2017-03-31,1385.19,-62.76,2017,,
455,Mauritius,2017-06-30,0.0,0.0,2017,,
456,Mauritius,2017-09-30,512.94,25.65,2017,,
457,Mauritius,2017-12-31,223.29,11.16,2017,,
458,Mauritius,2018-03-31,352.89,31.76,2018,-1032.3000000000002,-74.52407250990841
459,Mauritius,2018-06-30,442.97,44.3,2018,442.97,inf
460,Mauritius,2018-09-30,355.21000000000004,-4.660000000000001,2018,-157.73000000000002,-30.7501852068468
461,Mauritius,2018-12-31,0.0,0.0,2018,-223.29,-100.0
462,Mauritius,2019-03-31,444.48,13.33,2019,91.59000000000003,25.954263368188396
463,Mauritius,2019-06-30,413.26000000000005,-21.470000000000002,2019,-29.70999999999998,-6.707000474072731
464,Mauritius,2019-09-30,0.0,0.0,2019,-355.21000000000004,-100.0
465,Mauritius,2019-12-31,15.99,-0.8,2019,15.99,inf
466,Mauritius,2020-03-31,1010.5600000000001,73.29,2020,566.08,127.35781137509
467,Mauritius,2020-06-30,0.0,0.0,2020,-413.26000000000005,-100.0
468,Mauritius,2020-09-30,361.28,3.61,2020,361.28,inf
469,Mauritius,2020-12-31,148.56,10.4,2020,132.57,829.0806754221384
470,Morocco,2017-03-31,832.54,58.28,2017,,
471,Morocco,2017-06-30,703.93,-35.2,2017,,
472,Morocco,2017-09-30,241.48,-4.83,2017,,
473,Morocco,2017-12-31,855.42,51.33,2017,,
474,Morocco,2018-03-31,301.61,30.16,2018,-530.93,-63.77231124030076
475,Morocco,2018-06-30,181.59,9.239999999999998,2018,-522.3399999999999,-74.20340090634011
476,Morocco,2018-09-30,0.0,0.0,2018,-241.48,-100.0
477,Morocco,2018-12-31,43.55,2.61,2018,-811.87,-94.9089336232494
478,Morocco,2019-03-31,101.49,8.12,2019,-200.12,-66.35058519279865
479,Morocco,2019-06-30,1126.85,28.31,2019,945.2599999999999,520.5462855884133
480,Morocco,2019-09-30,150.54,-12.04,2019,150.54,inf
481,Morocco,2019-12-31,0.0,0.0,2019,-43.55,-100.0
482,Morocco,2020-03-31,898.19,-44.91,2020,796.7,785.0034486156271
483,Morocco,2020-06-30,355.17,-14.819999999999999,2020,-771.6799999999998,-68.48116430758307
484,Morocco,2020-09-30,0.0,0.0,2020,-150.54,-100.0
485,Morocco,2020-12-31,184.49,-7.38,2020,184.49,inf
486,Mozambique,2017-03-31,479.57000000000005,41.94,2017,,
487,Mozambique,2017-06-30,986.39,-19.73,2017,,
488,Mozambique,2017-09-30,0.0,0.0,2017,,
489,Mozambique,2017-12-31,183.56,-7.34,2017,,
490,Mozambique,2018-03-31,717.16,-7.17,2018,237.58999999999992,49.5422983089017
491,Mozambique,2018-06-30,582.09,34.93,2018,-404.29999999999995,-40.98784456452316
492,Mozambique,2018-09-30,438.03,-4.38,2018,438.03,inf
493,Mozambique,2018-12-31,393.33,35.4,2018,209.76999999999998,114.27870995859664
494,Mozambique,2019-03-31,549.94,38.5,2019,-167.2199999999999,-23.316972502649328
495,Mozambique,2019-06-30,1777.98,-59.67,2019,1195.8899999999999,205.44761119414514
496,Mozambique,2019-09-30,0.0,0.0,2019,-438.03,-100.0
497,Mozambique,2019-12-31,937.98,0.0,2019,544.6500000000001,138.4715124704447
498,Mozambique,2020-03-31,1739.1399999999999,99.30000000000001,2020,1189.1999999999998,216.24177182965408
499,Mozambique,2020-06-30,0.0,0.0,2020,-1777.98,-100.0
500,Mozambique,2020-09-30,562.83,5.63,2020,562.83,inf
501,Mozambique,2020-12-31,159.81,-11.19,2020,-778.1700000000001,-82.96232329047528
502,Namibia,2017-03-31,668.32,36.9,2017,,
503,Namibia,2017-06-30,0.0,0.0,2017,,
504,Namibia,2017-09-30,1612.99,-44.730000000000004,2017,,
505,Namibia,2017-12-31,0.0,0.0,2017,,
506,Namibia,2018-03-31,84.09,-2.52,2018,-584.23,-87.41770409384726
507,Namibia,2018-06-30,789.26,-27.339999999999996,2018,789.26,inf
508,Namibia,2018-09-30,234.66,0.0,2018,-1378.33,-85.45186268978728
509,Namibia,2018-12-31,0.0,0.0,2018,0.0,
510,Namibia,2019-03-31,927.03,46.35,2019,842.9399999999999,1002.4259721726717
511,Namibia,2019-06-30,1849.54,-39.55,2019,1060.28,134.33849428578668
512,Namibia,2019-09-30,88.06,7.93,2019,-146.6,-62.47336572061706
513,Namibia,2019-12-31,0.0,0.0,2019,0.0,
514,Namibia,2020-03-31,174.17,3.48,2020,-752.86,-81.21204276021273
515,Namibia,2020-06-30,978.37,39.13,2020,-871.17,-47.10198211447171
516,Namibia,2020-09-30,547.71,-38.34,2020,459.65000000000003,521.9736543265955
517,Namibia,2020-12-31,951.26,95.13,2020,951.26,inf
518,Niger,2017-03-31,3.3,-0.03,2017,,
519,Niger,2017-06-30,59.99,-4.8,2017,,
520,Niger,2017-09-30,993.01,-30.17,2017,,
521,Niger,2017-12-31,0.0,0.0,2017,,
522,Niger,2018-03-31,966.64,-19.33,2018,963.34,29192.121212121616
523,Niger,2018-06-30,512.06,46.09,2018,452.06999999999994,753.5755959326552
524,Niger,2018-09-30,471.58,-23.58,2018,-521.4300000000001,-52.51004521606026
525,Niger,2018-12-31,958.9,-38.36,2018,958.9,inf
526,Niger,2019-03-31,1409.94,-44.510000000000005,2019,443.30000000000007,45.859885789952834
527,Niger,2019-06-30,389.73,-15.59,2019,-122.32999999999993,-23.889778541577147
528,Niger,2019-09-30,346.72,-17.34,2019,-124.85999999999996,-26.476949828236982
529,Niger,2019-12-31,0.0,0.0,2019,-958.9,-100.0
530,Niger,2020-03-31,1713.49,-6.77,2020,303.54999999999995,21.529284934110667
531,Niger,2020-06-30,945.62,0.0,2020,555.89,142.6346444974726
532,Niger,2020-09-30,812.17,-64.97,2020,465.44999999999993,134.24377018920163
533,Nigeria,2017-03-31,3853.96,-0.3200000000000074,2017,,
534,Nigeria,2017-06-30,1278.44,27.390000000000004,2017,,
535,Nigeria,2017-09-30,3149.4799999999996,-172.47,2017,,
536,Nigeria,2017-12-31,1045.46,45.56,2017,,
537,Nigeria,2018-03-31,1603.88,36.91,2018,-2250.08,-58.38358467654049
538,Nigeria,2018-06-30,1783.93,-27.96,2018,505.49,39.5395951315666
539,Nigeria,2018-09-30,1970.6399999999999,68.48,2018,-1178.8399999999997,-37.42967092980428
540,Nigeria,2018-12-31,1259.6599999999999,-27.650000000000002,2018,214.19999999999982,20.488588755189085
541,Nigeria,2019-03-31,1594.8700000000001,-39.68,2019,-9.009999999999991,-0.5617627253909264
542,Nigeria,2019-06-30,1662.42,3.270000000000002,2019,-121.50999999999999,-6.81136591682409
543,Nigeria,2019-09-30,1577.76,45.230000000000004,2019,-392.8799999999999,-19.93667032030203
544,Nigeria,2019-12-31,1012.0500000000001,-22.96,2019,-247.6099999999998,-19.656891542162157
545,Nigeria,2020-03-31,3187.3500000000004,-35.360000000000014,2020,1592.4800000000002,99.85014452588614
546,Nigeria,2020-06-30,1656.55,54.9,2020,-5.870000000000118,-0.353099698030589
547,Nigeria,2020-09-30,2519.48,90.89,2020,941.72,59.687151404522865
548,Nigeria,2020-12-31,824.38,41.01,2020,-187.67000000000007,-18.543550219850804
549,Rwanda,2017-03-31,581.19,8.389999999999999,2017,,
550,Rwanda,2017-06-30,736.43,14.73,2017,,
551,Rwanda,2017-09-30,264.47,-5.29,2017,,
552,Rwanda,2017-12-31,0.0,0.0,2017,,
553,Rwanda,2018-03-31,1332.8,-41.07,2018,751.6099999999999,129.32259674116895
554,Rwanda,2018-06-30,646.27,45.24,2018,-90.15999999999997,-12.242847249568863
555,Rwanda,2018-09-30,435.41,4.35,2018,170.94,64.63493023783415
556,Rwanda,2018-12-31,0.0,0.0,2018,0.0,
557,Rwanda,2019-03-31,543.44,32.61,2019,-789.3599999999999,-59.22569027611044
558,Rwanda,2019-06-30,1106.6,11.06,2019,460.3299999999999,71.22874340445942
559,Rwanda,2019-09-30,0.0,0.0,2019,-435.41,-100.0
560,Rwanda,2019-12-31,472.24,-37.78,2019,472.24,inf
561,Rwanda,2020-03-31,3.1,0.09,2020,-540.34,-99.4295598410128
562,Rwanda,2020-06-30,586.73,41.07,2020,-519.8699999999999,-46.97903488161937
563,Rwanda,2020-09-30,1323.41,-54.49000000000001,2020,1323.41,inf
564,Sao Tome and Principe,2017-03-31,1148.74,68.93,2017,,
565,Sao Tome and Principe,2017-06-30,0.0,0.0,2017,,
566,Sao Tome and Principe,2017-09-30,696.9000000000001,-2.74,2017,,
567,Sao Tome and Principe,2017-12-31,0.0,0.0,2017,,
568,Sao Tome and Principe,2018-03-31,386.89,-19.34,2018,-761.85,-66.32049027630273
569,Sao Tome and Principe,2018-06-30,460.72,19.66,2018,460.72,inf
570,Sao Tome and Principe,2018-09-30,0.0,0.0,2018,-696.9000000000001,-100.0
571,Sao Tome and Principe,2018-12-31,973.62,0.0,2018,973.62,inf
572,Sao Tome and Principe,2019-03-31,246.07,-7.38,2019,-140.82,-36.39794256765489
573,Sao Tome and Principe,2019-06-30,888.09,-62.17,2019,427.37,92.76133009202987
574,Sao Tome and Principe,2019-09-30,1880.85,-14.880000000000003,2019,1880.85,inf
575,Sao Tome and Principe,2019-12-31,0.0,0.0,2019,-973.62,-100.0
576,Sao Tome and Principe,2020-03-31,1140.77,17.42,2020,894.7,363.595724793758
577,Sao Tome and Principe,2020-06-30,681.82,27.27,2020,-206.26999999999998,-23.226249591820647
578,Sao Tome and Principe,2020-09-30,0.0,0.0,2020,-1880.85,-100.0
579,Sao Tome and Principe,2020-12-31,120.74,3.62,2020,120.74,inf
580,Senegal,2017-03-31,445.95,11.04,2017,,
581,Senegal,2017-06-30,0.0,0.0,2017,,
582,Senegal,2017-09-30,494.29,13.93,2017,,
583,Senegal,2017-12-31,0.0,0.0,2017,,
584,Senegal,2018-03-31,1385.75,-105.91999999999999,2018,939.8,210.74111447471688
585,Senegal,2018-06-30,101.35,1.01,2018,101.35,inf
586,Senegal,2018-09-30,0.0,0.0,2018,-494.29,-100.0
587,Senegal,2018-12-31,699.02,-20.97,2018,699.02,inf
588,Senegal,2019-03-31,153.18,13.79,2019,-1232.57,-88.9460580912863
589,Senegal,2019-06-30,252.82,22.75,2019,151.47,149.45239269856933
590,Senegal,2019-09-30,1003.01,55.790000000000006,2019,1003.01,inf
591,Senegal,2019-12-31,0.0,0.0,2019,-699.02,-100.0
592,Senegal,2020-03-31,435.47,12.75,2020,282.29,184.2864603734169
593,Senegal,2020-06-30,0.0,0.0,2020,-252.82,-100.0
594,Senegal,2020-09-30,471.73,23.05,2020,-531.28,-52.96856462049232
595,Seychelles,2017-03-31,90.78,-4.54,2017,,
596,Seychelles,2017-06-30,40.12,-1.6,2017,,
597,Seychelles,2017-09-30,1493.29,-23.07,2017,,
598,Seychelles,2017-12-31,0.0,0.0,2017,,
599,Seychelles,2018-03-31,820.6,4.89,2018,729.82,803.9435999118751
600,Seychelles,2018-06-30,0.0,0.0,2018,-40.12,-100.0
601,Seychelles,2018-09-30,542.4,-35.12,2018,-950.89,-63.677517427961085
602,Seychelles,2018-12-31,0.0,0.0,2018,0.0,
603,Seychelles,2019-03-31,1474.69,-97.55,2019,654.09,79.70874969534488
604,Seychelles,2019-06-30,0.0,0.0,2019,0.0,
605,Seychelles,2019-09-30,491.94000000000005,-18.84,2019,-50.45999999999992,-9.30309734513273
606,Seychelles,2019-12-31,0.0,0.0,2019,0.0,
607,Seychelles,2020-03-31,460.12,-13.8,2020,-1014.57,-68.7988662023883
608,Seychelles,2020-06-30,133.74,12.04,2020,133.74,inf
609,Seychelles,2020-09-30,334.36,33.44,2020,-157.58000000000004,-32.03236167012238
610,Seychelles,2020-12-31,20.98,0.21,2020,20.98,inf
611,Sierra Leone,2017-03-31,301.55,-6.03,2017,,
612,Sierra Leone,2017-06-30,695.88,-13.92,2017,,
613,Sierra Leone,2017-09-30,1150.41,2.39,2017,,
614,Sierra Leone,2017-12-31,0.0,0.0,2017,,
615,Sierra Leone,2018-03-31,1087.92,76.1,2018,786.3700000000001,260.7759907146411
616,Sierra Leone,2018-06-30,0.0,0.0,2018,-695.88,-100.0
617,Sierra Leone,2018-09-30,345.05,-17.25,2018,-805.3600000000001,-70.00634556375553
618,Sierra Leone,2018-12-31,364.23,0.0,2018,364.23,inf
619,Sierra Leone,2019-03-31,490.82,-4.91,2019,-597.1000000000001,-54.88455033458344
620,Sierra Leone,2019-06-30,845.73,-33.14,2019,845.73,inf
621,Sierra Leone,2019-09-30,400.86,-4.01,2019,55.81,16.174467468482828
622,Sierra Leone,2019-12-31,0.0,0.0,2019,-364.23,-100.0
623,Sierra Leone,2020-03-31,517.73,-21.200000000000003,2020,26.910000000000025,5.482661668228684
624,Sierra Leone,2020-06-30,465.79,4.66,2020,-379.94,-44.92450309200336
625,Sierra Leone,2020-09-30,0.0,0.0,2020,-400.86,-100.0
626,Sierra Leone,2020-12-31,427.16,0.0,2020,427.16,inf
627,Somalia,2017-03-31,977.28,-9.77,2017,,
628,Somalia,2017-06-30,673.55,-13.47,2017,,
629,Somalia,2017-09-30,989.47,40.92,2017,,
630,Somalia,2017-12-31,0.0,0.0,2017,,
631,Somalia,2018-03-31,328.62,32.86,2018,-648.66,-66.37401768172889
632,Somalia,2018-06-30,29.2,2.63,2018,-644.3499999999999,-95.66476133917303
633,Somalia,2018-09-30,1463.06,83.47,2018,473.5899999999999,47.86299736222421
634,Somalia,2018-12-31,0.0,0.0,2018,0.0,
635,Somalia,2019-03-31,985.13,59.11,2019,656.51,199.77785892520234
636,Somalia,2019-06-30,680.68,-13.61,2019,651.4799999999999,2231.0958904109552
637,Somalia,2019-09-30,118.6,-3.56,2019,-1344.46,-91.89370224050963
638,Somalia,2019-12-31,443.2,22.16,2019,443.2,inf
639,Somalia,2020-03-31,1165.83,71.06,2020,180.69999999999993,18.34275679351963
640,Somalia,2020-06-30,0.0,0.0,2020,-680.68,-100.0
641,Somalia,2020-09-30,262.21,26.22,2020,143.60999999999999,121.08768971332209
642,Somalia,2020-12-31,116.04,11.6,2020,-327.15999999999997,-73.81768953068591
643,South Africa,2017-03-31,1836.78,-35.21,2017,,
644,South Africa,2017-06-30,2941.14,77.39,2017,,
645,South Africa,2017-09-30,2588.2400000000002,117.63,2017,,
646,South Africa,2017-12-31,1777.08,-52.05,2017,,
647,South Africa,2018-03-31,4464.8,178.54000000000002,2018,2628.0200000000004,143.07755964241775
648,South Africa,2018-06-30,2772.26,119.33,2018,-168.87999999999965,-5.741991200690877
649,South Africa,2018-09-30,2302.07,1.0100000000000051,2018,-286.1700000000001,-11.056548079003495
650,South Africa,2018-12-31,1102.37,49.33,2018,-674.71,-37.96733968082473
651,South Africa,2019-03-31,2828.99,-21.23,2019,-1635.8100000000004,-36.63792331123455
652,South Africa,2019-06-30,2748.07,11.309999999999995,2019,-24.190000000000055,-0.872573279562525
653,South Africa,2019-09-30,3367.34,-35.69,2019,1065.27,46.27443996055723
654,South Africa,2019-12-31,0.0,0.0,2019,-1102.37,-100.0
655,South Africa,2020-03-31,2303.43,3.7800000000000065,2020,-525.56,-18.577654922781626
656,South Africa,2020-06-30,833.39,-19.65,2020,-1914.6800000000003,-69.67362548988928
657,South Africa,2020-09-30,2569.18,100.22999999999999,2020,-798.1600000000003,-23.702982175842067
658,South Africa,2020-12-31,2265.19,-96.49000000000001,2020,2265.19,inf
659,South Sudan,2017-03-31,525.88,-33.21,2017,,
660,South Sudan,2017-06-30,0.0,0.0,2017,,
661,South Sudan,2017-09-30,443.6,-26.62,2017,,
662,South Sudan,2017-12-31,372.63,-22.36,2017,,
663,South Sudan,2018-03-31,771.7,30.87,2018,245.82000000000005,46.74450444968435
664,South Sudan,2018-06-30,1112.46,72.42,2018,1112.46,inf
665,South Sudan,2018-09-30,0.0,0.0,2018,-443.6,-100.0
666,South Sudan,2018-12-31,330.27,26.42,2018,-42.360000000000014,-11.367844779003304
667,South Sudan,2019-03-31,1340.14,-71.21000000000001,2019,568.44,73.66074899572374
668,South Sudan,2019-06-30,0.0,0.0,2019,-1112.46,-100.0
669,South Sudan,2019-09-30,1088.7,-16.060000000000002,2019,1088.7,inf
670,South Sudan,2019-12-31,0.0,0.0,2019,-330.27,-100.0
671,South Sudan,2020-03-31,439.53999999999996,24.419999999999998,2020,-900.6000000000001,-67.20193412628532
672,South Sudan,2020-06-30,0.0,0.0,2020,0.0,
673,South Sudan,2020-09-30,760.52,-38.03,2020,-328.18000000000006,-30.144208689262424
674,South Sudan,2020-12-31,579.24,40.55,2020,579.24,inf
675,Sudan,2017-03-31,438.51,27.84,2017,,
676,Sudan,2017-06-30,1502.6599999999999,60.11,2017,,
677,Sudan,2017-09-30,719.6099999999999,-36.46,2017,,
678,Sudan,2017-12-31,541.59,43.33,2017,,
679,Sudan,2018-03-31,1896.36,86.32,2018,1457.85,332.45536019703087
680,Sudan,2018-06-30,955.1299999999999,-37.57000000000001,2018,-547.53,-36.43738437171416
681,Sudan,2018-09-30,1348.47,-34.92,2018,628.8600000000001,87.38900237628718
682,Sudan,2018-12-31,984.51,29.54,2018,442.91999999999996,81.78142137040933
683,Sudan,2019-03-31,1192.0,53.97,2019,-704.3599999999999,-37.142736611191964
684,Sudan,2019-06-30,1150.2,32.63,2019,195.07000000000016,20.423397862071152
685,Sudan,2019-09-30,822.41,-32.9,2019,-526.0600000000001,-39.01162057739512
686,Sudan,2019-12-31,770.24,-14.18,2019,-214.26999999999998,-21.764126316644827
687,Sudan,2020-03-31,1798.59,-74.97,2020,606.5899999999999,50.88842281879194
688,Sudan,2020-06-30,816.28,40.81,2020,-333.9200000000001,-29.03147278734134
689,Sudan,2020-09-30,1396.63,42.980000000000004,2020,574.2200000000001,69.82162181880086
690,Sudan,2020-12-31,679.3,47.55,2020,-90.94000000000005,-11.806709597008732
691,Swaziland,2017-03-31,864.78,-69.18,2017,,
692,Swaziland,2017-06-30,760.7,30.43,2017,,
693,Swaziland,2017-09-30,1180.57,-11.37,2017,,
694,Swaziland,2017-12-31,0.0,0.0,2017,,
695,Swaziland,2018-03-31,1428.68,109.16,2018,563.9000000000001,65.20733596984205
696,Swaziland,2018-06-30,989.02,89.01,2018,228.31999999999994,30.014460365452862
697,Swaziland,2018-09-30,322.41,29.02,2018,-858.1599999999999,-72.69031061267015
698,Swaziland,2018-12-31,0.0,0.0,2018,0.0,
699,Swaziland,2019-03-31,518.99,28.369999999999997,2019,-909.69,-63.67346081697791
700,Swaziland,2019-06-30,0.0,0.0,2019,-989.02,-100.0
701,Swaziland,2019-09-30,401.44,-24.09,2019,79.02999999999997,24.512266989237297
702,Swaziland,2019-12-31,787.3,15.75,2019,787.3,inf
703,Swaziland,2020-03-31,1168.69,49.58,2020,649.7,125.18545636717471
704,Swaziland,2020-06-30,196.19,-15.7,2020,196.19,inf
705,Swaziland,2020-09-30,0.0,0.0,2020,-401.44,-100.0
706,Swaziland,2020-12-31,801.25,-40.06,2020,13.950000000000045,1.771878572335837
707,Togo,2017-03-31,482.28000000000003,27.55,2017,,
708,Togo,2017-06-30,572.06,17.16,2017,,
709,Togo,2017-09-30,0.0,0.0,2017,,
710,Togo,2017-12-31,885.66,-70.85,2017,,
711,Togo,2018-03-31,398.27,20.39,2018,-84.01000000000005,-17.41934146139173
712,Togo,2018-06-30,0.0,0.0,2018,-572.06,-100.0
713,Togo,2018-09-30,10.76,0.54,2018,10.76,inf
714,Togo,2018-12-31,175.47,0.0,2018,-710.1899999999999,-80.18765666282772
715,Togo,2019-03-31,721.02,40.199999999999996,2019,322.75,81.03798930373868
716,Togo,2019-06-30,0.0,0.0,2019,0.0,
717,Togo,2019-09-30,1535.77,-63.58,2019,1525.01,14172.955390334584
718,Togo,2019-12-31,0.0,0.0,2019,-175.47,-100.0
719,Togo,2020-03-31,992.23,-19.84,2020,271.21000000000004,37.61476796760146
720,Togo,2020-06-30,568.88,-15.020000000000001,2020,568.88,inf
721,Togo,2020-09-30,0.0,0.0,2020,-1535.77,-100.0
722,Togo,2020-12-31,346.36,-24.25,2020,346.36,inf
723,Tunisia,2017-03-31,60.05,-0.6,2017,,
724,Tunisia,2017-06-30,1647.88,-2.5799999999999983,2017,,
725,Tunisia,2017-09-30,701.35,56.11,2017,,
726,Tunisia,2017-12-31,0.0,0.0,2017,,
727,Tunisia,2018-03-31,827.4300000000001,74.47,2018,767.3800000000001,1277.901748542882
728,Tunisia,2018-06-30,0.0,0.0,2018,-1647.88,-100.0
729,Tunisia,2018-09-30,628.53,37.71,2018,-72.82000000000005,-10.382833107578248
730,Tunisia,2018-12-31,253.34,10.13,2018,253.34,inf
731,Tunisia,2019-03-31,295.13,26.619999999999997,2019,-532.3000000000001,-64.33172594660576
732,Tunisia,2019-06-30,0.0,0.0,2019,0.0,
733,Tunisia,2019-09-30,511.56,-15.35,2019,-116.96999999999997,-18.610090210491144
734,Tunisia,2019-12-31,728.79,72.88,2019,475.44999999999993,187.672692823873
735,Tunisia,2020-03-31,185.9,14.87,2020,-109.22999999999999,-37.01080879612374
736,Tunisia,2020-06-30,1003.38,-12.25,2020,1003.38,inf
737,Tunisia,2020-09-30,0.0,0.0,2020,-511.56,-100.0
738,Tunisia,2020-12-31,665.22,33.26,2020,-63.569999999999936,-8.722677314452715
739,Uganda,2017-03-31,1632.84,-32.269999999999996,2017,,
740,Uganda,2017-06-30,0.0,0.0,2017,,
741,Uganda,2017-09-30,168.2,3.36,2017,,
742,Uganda,2017-12-31,284.57,2.85,2017,,
743,Uganda,2018-03-31,202.35,14.16,2018,-1430.49,-87.60748144337474
744,Uganda,2018-06-30,239.4,-9.58,2018,239.4,inf
745,Uganda,2018-09-30,634.2,-44.39,2018,466.00000000000006,277.05112960761005
746,Uganda,2018-12-31,696.6,69.66,2018,412.03000000000003,144.7903854939031
747,Uganda,2019-03-31,1063.54,6.119999999999997,2019,861.1899999999999,425.5942673585371
748,Uganda,2019-06-30,830.39,-41.52,2019,590.99,246.86299081035926
749,Uganda,2019-09-30,0.0,0.0,2019,-634.2,-100.0
750,Uganda,2019-12-31,6.87,0.14,2019,-689.73,-99.01378122308356
751,Uganda,2020-03-31,883.96,59.56,2020,-179.57999999999993,-16.88511950655358
752,Uganda,2020-06-30,0.0,0.0,2020,-830.39,-100.0
753,Uganda,2020-09-30,918.7,9.19,2020,918.7,inf
754,Uganda,2020-12-31,680.17,68.02,2020,673.3,9800.582241630269
755,United Republic of Tanzania,2017-03-31,634.12,1.6999999999999997,2017,,
756,United Republic of Tanzania,2017-06-30,0.0,0.0,2017,,
757,United Republic of Tanzania,2017-09-30,196.25,-15.7,2017,,
758,United Republic of Tanzania,2017-12-31,434.34,34.75,2017,,
759,United Republic of Tanzania,2018-03-31,576.67,0.06,2018,-57.450000000000045,-9.059799407052301
760,United Republic of Tanzania,2018-06-30,0.0,0.0,2018,0.0,
761,United Republic of Tanzania,2018-09-30,437.73,-30.64,2018,241.48000000000002,123.04713375796179
762,United Republic of Tanzania,2018-12-31,70.25,5.62,2018,-364.09,-83.82603490353179
763,United Republic of Tanzania,2019-03-31,661.42,6.61,2019,84.75,14.696446841347738
764,United Republic of Tanzania,2019-06-30,98.4,3.94,2019,98.4,inf
765,United Republic of Tanzania,2019-09-30,846.06,59.22,2019,408.3299999999999,93.28353094373242
766,United Republic of Tanzania,2019-12-31,505.64,-20.23,2019,435.39,619.7722419928825
767,United Republic of Tanzania,2020-03-31,562.51,-33.75,2020,-98.90999999999997,-14.954189471137852
768,United Republic of Tanzania,2020-06-30,471.51,37.72,2020,373.11,379.1768292682928
769,United Republic of Tanzania,2020-09-30,202.36,-6.07,2020,-643.6999999999999,-76.08207455735999
770,United Republic of Tanzania,2020-12-31,859.82,-60.19,2020,354.18000000000006,70.04588244600903
771,Western Sahara,2017-03-31,235.84,-2.36,2017,,
772,Western Sahara,2017-06-30,761.86,45.71,2017,,
773,Western Sahara,2017-09-30,737.15,51.6,2017,,
774,Western Sahara,2017-12-31,601.87,60.19,2017,,
775,Western Sahara,2018-03-31,623.24,-43.63,2018,387.4,164.26390773405694
776,Western Sahara,2018-06-30,440.8,30.86,2018,-321.06,-42.14160081904812
777,Western Sahara,2018-09-30,759.99,53.2,2018,22.840000000000032,3.0984195889574755
778,Western Sahara,2018-12-31,216.43,-10.82,2018,-385.44,-64.0404073969462
779,Western Sahara,2019-03-31,388.17,19.41,2019,-235.07,-37.7174122328477
780,Western Sahara,2019-06-30,440.26,13.21,2019,-0.5400000000000205,-0.1225045372050863
781,Western Sahara,2019-09-30,834.1,9.23,2019,74.11000000000001,9.751444097948658
782,Western Sahara,2019-12-31,0.0,0.0,2019,-216.43,-100.0
783,Western Sahara,2020-03-31,91.21,-1.82,2020,-296.96000000000004,-76.50256330989001
784,Western Sahara,2020-06-30,158.62,7.93,2020,-281.64,-63.971289692454455
785,Western Sahara,2020-09-30,870.85,37.34,2020,36.75,4.405946529193142
786,Zambia,2017-03-31,222.26,20.0,2017,,
787,Zambia,2017-06-30,751.73,-15.03,2017,,
788,Zambia,2017-09-30,981.03,12.860000000000003,2017,,
789,Zambia,2017-12-31,0.0,0.0,2017,,
790,Zambia,2018-03-31,371.36,-29.71,2018,149.10000000000002,67.08359578871594
791,Zambia,2018-06-30,1124.3899999999999,-44.74,2018,372.65999999999985,49.57365011373763
792,Zambia,2018-09-30,226.85,18.15,2018,-754.18,-76.87634425043066
793,Zambia,2018-12-31,0.0,0.0,2018,0.0,
794,Zambia,2019-03-31,182.1,-1.82,2019,-189.26000000000002,-50.96402412753124
795,Zambia,2019-06-30,1754.83,94.82,2019,630.44,56.069513247182925
796,Zambia,2019-09-30,0.0,0.0,2019,-226.85,-100.0
797,Zambia,2019-12-31,12.31,-0.37,2019,12.31,inf
798,Zambia,2020-03-31,776.96,6.640000000000001,2020,594.86,326.66666666666663
799,Zambia,2020-06-30,0.0,0.0,2020,-1754.83,-100.0
800,Zambia,2020-09-30,55.79,-2.23,2020,55.79,inf
801,Zambia,2020-12-31,791.05,-47.46,2020,778.74,6326.0763606824
802,Zimbabwe,2017-03-31,1267.3400000000001,-38.940000000000005,2017,,
803,Zimbabwe,2017-06-30,451.47,-31.6,2017,,
804,Zimbabwe,2017-09-30,0.0,0.0,2017,,
805,Zimbabwe,2017-12-31,231.41,-4.63,2017,,
806,Zimbabwe,2018-03-31,337.98,13.52,2018,-929.3600000000001,-73.33154481039027
807,Zimbabwe,2018-06-30,976.54,58.59,2018,525.0699999999999,116.3023013710767
808,Zimbabwe,2018-09-30,758.17,-53.07,2018,758.17,inf
809,Zimbabwe,2018-12-31,641.5,-12.83,2018,410.09000000000003,177.2136035607796
810,Zimbabwe,2019-03-31,1013.72,26.33,2019,675.74,199.93490739096987
811,Zimbabwe,2019-06-30,954.5,-38.18,2019,-22.039999999999964,-2.256948000081918
812,Zimbabwe,2019-09-30,225.21,-6.76,2019,-532.9599999999999,-70.29558014693274
813,Zimbabwe,2019-12-31,0.0,0.0,2019,-641.5,-100.0
814,Zimbabwe,2020-03-31,851.49,0.0,2020,-162.23000000000002,-16.003432900603716
815,Zimbabwe,2020-06-30,179.71,8.99,2020,-774.79,-81.17234154007333
816,Zimbabwe,2020-09-30,0.0,0.0,2020,-225.21,-100.0
817,Zimbabwe,2020-12-31,394.28,-23.66,2020,394.28,inf
