国家,日期,销售额,利润,同比销售额,同比利润,同比销售额季度增长率,同比利润季度增长率
Algeria,2017-03-31,1292.01,-21.8,0.0,0.0,0.0,0.0
Algeria,2017-06-30,0.0,0.0,0.0,0.0,0.0,0.0
Algeria,2017-09-30,723.41,36.17,0.0,0.0,0.0,0.0
Algeria,2017-12-31,852.33,-34.09,0.0,0.0,0.0,0.0
Algeria,2018-03-31,743.65,52.63,-548.36,74.43,-42.44239595668765,341.4220183486239
Algeria,2018-06-30,0.0,0.0,0.0,0.0,,
Algeria,2018-09-30,422.63,16.91,-300.78,-19.26,-41.5780815858227,-53.24854852087365
Algeria,2018-12-31,902.45,-9.02,50.120000000000005,25.070000000000004,5.880351507045393,-73.54062775007334
Algeria,2019-03-31,597.46,-4.77,-146.18999999999994,-57.400000000000006,-19.65844147112216,-109.06327189815694
Algeria,2019-06-30,0.0,0.0,0.0,0.0,,
Algeria,2019-09-30,206.71,8.27,-215.92,-8.64,-51.08960556515155,-51.094027202838554
Algeria,2019-12-31,377.49,26.42,-524.96,35.44,-58.17053576375423,392.9046563192905
Algeria,2020-03-31,450.44,13.51,-147.02000000000004,18.28,-24.60750510494427,383.2285115303984
Algeria,2020-06-30,876.49,-26.29,876.49,-26.29,,
Algeria,2020-09-30,245.2,-4.9,38.48999999999998,-13.17,18.620289294180242,-159.2503022974607
Algeria,2020-12-31,651.66,-32.58,274.16999999999996,-59.0,72.62973853612014,-223.31566994700984
Angola,2017-03-31,93.2,7.46,0.0,0.0,0.0,0.0
Angola,2017-06-30,688.25,68.83,0.0,0.0,0.0,0.0
Angola,2017-09-30,670.01,47.53,0.0,0.0,0.0,0.0
Angola,2017-12-31,0.0,0.0,0.0,0.0,0.0,0.0
Angola,2018-03-31,46.15,-3.23,-47.050000000000004,-10.69,-50.48283261802575,-143.2975871313673
Angola,2018-06-30,743.21,-20.24,54.960000000000036,-89.07,7.985470395931717,-129.405782362342
Angola,2018-09-30,0.0,0.0,-670.01,-47.53,-100.0,-100.0
Angola,2018-12-31,573.24,-40.13,573.24,-40.13,,
Angola,2019-03-31,421.39,-25.28,375.24,-22.05,813.0877573131095,682.6625386996905
Angola,2019-06-30,39.8,-3.18,-703.4100000000001,17.06,-94.64485138789844,-84.28853754940711
Angola,2019-09-30,703.07,34.61,703.07,34.61,,
Angola,2019-12-31,0.0,0.0,-573.24,40.13,-100.0,-100.0
Angola,2020-03-31,460.06,41.41,38.670000000000016,66.69,9.176772111345787,263.8053797468354
Angola,2020-06-30,398.18,-19.91,358.38,-16.73,900.4522613065328,526.1006289308176
Angola,2020-09-30,366.34,0.0,-336.7300000000001,-34.61,-47.89423528240432,-100.0
Angola,2020-12-31,878.19,61.47,878.19,61.47,,
Benin,2017-03-31,1282.29,88.48,0.0,0.0,0.0,0.0
Benin,2017-06-30,2412.11,48.4,0.0,0.0,0.0,0.0
Benin,2017-09-30,739.48,-7.39,0.0,0.0,0.0,0.0
Benin,2017-12-31,674.26,-31.28,0.0,0.0,0.0,0.0
Benin,2018-03-31,1407.09,123.21,124.79999999999995,34.72999999999999,9.732587792153097,39.251808318264004
Benin,2018-06-30,1358.77,-43.52,-1053.3400000000001,-91.92,-43.6688210736658,-189.91735537190084
Benin,2018-09-30,658.8,-31.42,-80.68000000000006,-24.03,-10.91036944880187,325.1691474966171
Benin,2018-12-31,0.0,0.0,-674.26,31.28,-100.0,-100.0
Benin,2019-03-31,686.65,44.64,-720.4399999999999,-78.57,-51.20070500110157,-63.76917457998539
Benin,2019-06-30,873.5,-24.93,-485.27,18.590000000000003,-35.71391773442157,-42.715992647058826
Benin,2019-09-30,1872.94,90.48,1214.14,121.9,184.29568913175473,387.96944621260343
Benin,2019-12-31,517.7,0.0,517.7,0.0,,
Benin,2020-03-31,575.84,30.48,-110.80999999999995,-14.16,-16.137770334231405,-31.72043010752688
Benin,2020-06-30,2432.26,-81.39,1558.7600000000002,-56.46,178.4499141385232,226.47412755716005
Benin,2020-09-30,657.94,-38.64,-1215.0,-129.12,-64.87127190406527,-142.7055702917772
Benin,2020-12-31,830.33,-8.3,312.63,-8.3,60.38825574657136,
Botswana,2017-03-31,660.12,0.0,0.0,0.0,0.0,0.0
Botswana,2017-06-30,953.86,95.39,0.0,0.0,0.0,0.0
Botswana,2017-09-30,874.66,78.72,0.0,0.0,0.0,0.0
Botswana,2017-12-31,114.52,-3.44,0.0,0.0,0.0,0.0
Botswana,2018-03-31,1383.37,70.28,723.2499999999999,70.28,109.56341271284006,
Botswana,2018-06-30,430.46,25.83,-523.4000000000001,-69.56,-54.87178411926279,-72.92168990460216
Botswana,2018-09-30,0.0,0.0,-874.66,-78.72,-100.0,-100.0
Botswana,2018-12-31,197.18,-5.92,82.66000000000001,-2.48,72.17953195948307,72.09302325581396
Botswana,2019-03-31,471.08,0.0,-912.29,-70.28,-65.94692670796678,-100.0
Botswana,2019-06-30,800.32,-48.02,369.86000000000007,-73.85,85.92203689076804,-285.9078590785908
Botswana,2019-09-30,93.74,1.87,93.74,1.87,,
Botswana,2019-12-31,137.27,-2.75,-59.91,3.17,-30.38340602495182,-53.54729729729729
Botswana,2020-03-31,662.15,-23.7,191.07,-23.7,40.55998981064787,
Botswana,2020-06-30,0.0,0.0,-800.32,48.02,-100.0,-100.0
Botswana,2020-09-30,1154.9,-24.69,1061.16,-26.560000000000002,1132.0247493065929,-1420.3208556149732
Botswana,2020-12-31,0.0,0.0,-137.27,2.75,-100.0,-100.0
Burkina Faso,2017-03-31,1101.36,30.66,0.0,0.0,0.0,0.0
Burkina Faso,2017-06-30,0.0,0.0,0.0,0.0,0.0,0.0
Burkina Faso,2017-09-30,745.22,-29.81,0.0,0.0,0.0,0.0
Burkina Faso,2017-12-31,488.98,-29.34,0.0,0.0,0.0,0.0
Burkina Faso,2018-03-31,1914.35,-48.21,812.99,-78.87,73.81691726592578,-257.2407045009785
Burkina Faso,2018-06-30,994.43,9.94,994.43,9.94,,
Burkina Faso,2018-09-30,0.0,0.0,-745.22,29.81,-100.0,-100.0
Burkina Faso,2018-12-31,608.71,60.87,119.73000000000002,90.21,24.48566403533887,307.4642126789366
Burkina Faso,2019-03-31,1370.07,34.28,-544.28,82.49000000000001,-28.43158252148249,171.10557975523753
Burkina Faso,2019-06-30,0.0,0.0,-994.43,-9.94,-100.0,-100.0
Burkina Faso,2019-09-30,977.29,-58.64,977.29,-58.64,,
Burkina Faso,2019-12-31,5.47,0.55,-603.24,-60.32,-99.10137832465377,-99.09643502546412
Burkina Faso,2020-03-31,1173.28,-63.3,-196.78999999999996,-97.58,-14.363499675199076,-284.65577596266047
Burkina Faso,2020-06-30,0.0,0.0,0.0,0.0,,
Burkina Faso,2020-09-30,642.2,-18.0,-335.0899999999999,40.64,-34.28767305508088,-69.30422919508868
Burkina Faso,2020-12-31,0.0,0.0,-5.47,-0.55,-100.0,-100.0
Burundi,2017-03-31,1356.12,69.97,0.0,0.0,0.0,0.0
Burundi,2017-06-30,542.68,0.0,0.0,0.0,0.0,0.0
Burundi,2017-09-30,0.0,0.0,0.0,0.0,0.0,0.0
Burundi,2017-12-31,81.63,0.82,0.0,0.0,0.0,0.0
Burundi,2018-03-31,349.79,-27.98,-1006.3299999999999,-97.95,-74.20655989145504,-139.98856652851222
Burundi,2018-06-30,472.26,9.45,-70.41999999999996,9.45,-12.976339647674498,
Burundi,2018-09-30,757.23,0.0,757.23,0.0,,
Burundi,2018-12-31,644.43,-6.44,562.8,-7.260000000000001,689.4524072032341,-885.3658536585367
Burundi,2019-03-31,118.96,-2.38,-230.83000000000004,25.6,-65.99102318533978,-91.49392423159401
Burundi,2019-06-30,785.12,39.26,312.86,29.81,66.24740608986576,315.44973544973544
Burundi,2019-09-30,861.38,8.61,104.14999999999998,8.61,13.754077360907516,
Burundi,2019-12-31,865.69,51.94,221.2600000000001,58.379999999999995,34.33421783591703,906.5217391304346
Burundi,2020-03-31,326.34,32.63,207.38,35.010000000000005,174.32750504371216,1471.0084033613448
Burundi,2020-06-30,1044.73,-21.52,259.61,-60.78,33.066282861218674,-154.81406011207338
Burundi,2020-09-30,0.0,0.0,-861.38,-8.61,-100.0,-100.0
Burundi,2020-12-31,181.34,-12.69,-684.35,-64.63,-79.05254767873025,-124.43203696572968
Cameroon,2017-03-31,1733.02,99.48,0.0,0.0,0.0,0.0
Cameroon,2017-06-30,1597.18,-76.97,0.0,0.0,0.0,0.0
Cameroon,2017-09-30,609.53,42.67,0.0,0.0,0.0,0.0
Cameroon,2017-12-31,466.81,-23.34,0.0,0.0,0.0,0.0
Cameroon,2018-03-31,924.44,-18.49,-808.5799999999999,-117.97,-46.65728035452562,-118.58665058303175
Cameroon,2018-06-30,0.0,0.0,-1597.18,76.97,-100.0,-100.0
Cameroon,2018-09-30,1525.98,-69.36,916.45,-112.03,150.35355109674668,-262.54980079681275
Cameroon,2018-12-31,549.16,27.46,82.34999999999997,50.8,17.641010261134074,217.65209940017138
Cameroon,2019-03-31,1275.0,84.39,350.55999999999995,102.88,37.921336160269995,556.4088696592753
Cameroon,2019-06-30,1010.27,-33.05,1010.27,-33.05,,
Cameroon,2019-09-30,2404.18,73.67,878.1999999999998,143.03,57.549902357829055,206.21395617070357
Cameroon,2019-12-31,0.0,0.0,-549.16,-27.46,-100.0,-100.0
Cameroon,2020-03-31,1579.57,26.44,304.56999999999994,-57.95,23.887843137254897,-68.66927361061738
Cameroon,2020-06-30,1164.97,27.69,154.70000000000005,60.739999999999995,15.312738178902674,183.78214826021178
Cameroon,2020-09-30,1297.46,95.25,-1106.7199999999998,21.58,-46.033158914889896,29.29279218134926
Cameroon,2020-12-31,403.75,-12.11,403.75,-12.11,,
Central African Republic,2017-03-31,814.75,43.39,0.0,0.0,0.0,0.0
Central African Republic,2017-06-30,0.0,0.0,0.0,0.0,0.0,0.0
Central African Republic,2017-09-30,1050.39,23.3,0.0,0.0,0.0,0.0
Central African Republic,2017-12-31,0.0,0.0,0.0,0.0,0.0,0.0
Central African Republic,2018-03-31,669.9,33.5,-144.85000000000002,-9.89,-17.77845965019945,-22.793270338787742
Central African Republic,2018-06-30,995.01,-59.7,995.01,-59.7,,
Central African Republic,2018-09-30,602.69,9.33,-447.70000000000005,-13.97,-42.62226411142528,-59.95708154506438
Central African Republic,2018-12-31,0.0,0.0,0.0,0.0,,
Central African Republic,2019-03-31,743.9,52.07,74.0,18.57,11.046424839528287,55.43283582089552
Central African Republic,2019-06-30,595.08,5.95,-399.92999999999995,65.65,-40.19356589381011,109.96649916247907
Central African Republic,2019-09-30,168.78,-10.13,-433.9100000000001,-19.46,-71.99555326950838,-208.57449088960345
Central African Republic,2019-12-31,461.66,41.55,461.66,41.55,,
Central African Republic,2020-03-31,975.17,51.67,231.26999999999998,-0.3999999999999986,31.08885602903616,-0.7681966583445334
Central African Republic,2020-06-30,0.0,0.0,-595.08,-5.95,-100.0,-100.0
Central African Republic,2020-09-30,386.36,-30.91,217.58,-20.78,128.9133783623652,205.13326752221124
Central African Republic,2020-12-31,687.01,-13.74,225.34999999999997,-55.29,48.8129792487978,-133.06859205776175
Chad,2017-03-31,443.13,4.43,0.0,0.0,0.0,0.0
Chad,2017-06-30,35.55,3.2,0.0,0.0,0.0,0.0
Chad,2017-09-30,85.19,-2.56,0.0,0.0,0.0,0.0
Chad,2017-12-31,704.01,28.16,0.0,0.0,0.0,0.0
Chad,2018-03-31,876.89,4.17,433.76,-0.2599999999999998,97.8854963554713,-5.869074492099318
Chad,2018-06-30,432.43,30.27,396.88,27.07,1116.3994374120957,845.9375
Chad,2018-09-30,0.0,0.0,-85.19,2.56,-100.0,-100.0
Chad,2018-12-31,895.52,17.91,191.51,-10.25,27.202738597463107,-36.39914772727273
Chad,2019-03-31,270.01,-10.8,-606.88,-14.97,-69.20822452074947,-358.9928057553957
Chad,2019-06-30,472.81,42.55,40.379999999999995,12.279999999999998,9.337927525842332,40.56821935910141
Chad,2019-09-30,0.0,0.0,0.0,0.0,,
Chad,2019-12-31,163.34,-11.43,-732.18,-29.34,-81.76031802751473,-163.81909547738692
Chad,2020-03-31,456.72,18.27,186.71000000000004,29.07,69.14929076700864,269.16666666666663
Chad,2020-06-30,400.93,36.08,-71.88,-6.469999999999999,-15.202724138660347,-15.205640423031724
Chad,2020-09-30,45.39,3.15,45.39,3.15,,
Chad,2020-12-31,0.0,0.0,-163.34,11.43,-100.0,-100.0
Congo,2017-03-31,306.1,0.0,0.0,0.0,0.0,0.0
Congo,2017-06-30,1675.54,10.59,0.0,0.0,0.0,0.0
Congo,2017-09-30,0.0,0.0,0.0,0.0,0.0,0.0
Congo,2017-12-31,483.35,-33.83,0.0,0.0,0.0,0.0
Congo,2018-03-31,1022.56,-6.55,716.4599999999999,-6.55,234.06076445606007,
Congo,2018-06-30,983.19,78.66,-692.3499999999999,68.07,-41.32100695895054,642.7762039660056
Congo,2018-09-30,0.0,0.0,0.0,0.0,,
Congo,2018-12-31,59.11,4.73,-424.24,38.56,-87.77076652529223,113.98167307123856
Congo,2019-03-31,1491.56,78.62,469.0,85.17,45.86527929901424,1300.3053435114505
Congo,2019-06-30,0.0,0.0,-983.19,-78.66,-100.0,-100.0
Congo,2019-09-30,146.09,11.69,146.09,11.69,,
Congo,2019-12-31,498.92,-4.99,439.81,-9.72,744.0534596514972,-205.49682875264267
Congo,2020-03-31,174.91,-7.0,-1316.6499999999999,-85.62,-88.27335139049049,-108.90358687356907
Congo,2020-06-30,340.78,-13.63,340.78,-13.63,,
Congo,2020-09-30,987.23,-9.87,841.14,-21.56,575.7683619686494,-184.4311377245509
Congo,2020-12-31,535.14,-26.76,36.21999999999997,-21.770000000000003,7.25968091076725,436.2725450901804
Cote d'Ivoire,2017-03-31,1954.12,-0.33,0.0,0.0,0.0,0.0
Cote d'Ivoire,2017-06-30,0.0,0.0,0.0,0.0,0.0,0.0
Cote d'Ivoire,2017-09-30,2669.06,-143.5,0.0,0.0,0.0,0.0
Cote d'Ivoire,2017-12-31,0.0,0.0,0.0,0.0,0.0,0.0
Cote d'Ivoire,2018-03-31,982.14,-66.26,-971.9799999999999,-65.93,-49.74003643583813,19978.78787878788
Cote d'Ivoire,2018-06-30,1483.72,-47.74,1483.72,-47.74,,
Cote d'Ivoire,2018-09-30,964.23,68.36,-1704.83,211.86,-63.87379826605621,147.6376306620209
Cote d'Ivoire,2018-12-31,294.18,-23.53,294.18,-23.53,,
Cote d'Ivoire,2019-03-31,2481.4,-134.5,1499.2600000000002,-68.24,152.65237135235304,102.988228191971
Cote d'Ivoire,2019-06-30,510.55,30.63,-973.1700000000001,78.37,-65.58986870838164,164.16003351487223
Cote d'Ivoire,2019-09-30,798.03,78.72,-166.20000000000005,10.36,-17.236551445194614,15.155061439438267
Cote d'Ivoire,2019-12-31,1645.88,1.48,1351.7,25.01,459.4805901148956,106.28984275393117
Cote d'Ivoire,2020-03-31,1517.83,110.72,-963.5700000000002,245.22,-38.83170790682679,182.3197026022305
Cote d'Ivoire,2020-06-30,86.84,-5.21,-423.71000000000004,-35.839999999999996,-82.99089217510527,-117.00946784198499
Cote d'Ivoire,2020-09-30,2679.86,16.14,1881.8300000000002,-62.58,235.8094307231558,-79.4969512195122
Cote d'Ivoire,2020-12-31,0.0,0.0,-1645.88,-1.48,-100.0,-100.0
Democratic Republic of the Congo,2017-03-31,1517.29,35.93,0.0,0.0,0.0,0.0
Democratic Republic of the Congo,2017-06-30,782.93,3.41,0.0,0.0,0.0,0.0
Democratic Republic of the Congo,2017-09-30,2296.85,67.93,0.0,0.0,0.0,0.0
Democratic Republic of the Congo,2017-12-31,1259.08,25.29,0.0,0.0,0.0,0.0
Democratic Republic of the Congo,2018-03-31,977.63,-7.83,-539.66,-43.76,-35.56736022777452,-121.79237406067354
Democratic Republic of the Congo,2018-06-30,1911.57,128.6,1128.6399999999999,125.19,144.15592709437627,3671.2609970674484
Democratic Republic of the Congo,2018-09-30,1694.9,35.91,-601.9499999999998,-32.02000000000001,-26.20763219191501,-47.13675842779333
Democratic Republic of the Congo,2018-12-31,1593.5,-67.68,334.4200000000001,-92.97,26.560663341487444,-367.61565836298934
Democratic Republic of the Congo,2019-03-31,2271.66,212.24,1294.0299999999997,220.07000000000002,132.36398228368603,2810.600255427842
Democratic Republic of the Congo,2019-06-30,1908.75,-26.18,-2.8199999999999363,-154.78,-0.14752271692901314,-120.35769828926905
Democratic Republic of the Congo,2019-09-30,725.08,-15.2,-969.82,-51.11,-57.21989497905481,-142.32804232804236
Democratic Republic of the Congo,2019-12-31,430.15,-30.11,-1163.35,37.57000000000001,-73.0059617194854,-55.51122931442081
Democratic Republic of the Congo,2020-03-31,1834.09,5.14,-437.56999999999994,-207.10000000000002,-19.262125494132043,-97.57821334338486
Democratic Republic of the Congo,2020-06-30,2286.87,-42.56,378.1199999999999,-16.380000000000003,19.80982318271119,62.5668449197861
Democratic Republic of the Congo,2020-09-30,1829.68,78.98,1104.6,94.18,152.34181055883488,619.6052631578948
Democratic Republic of the Congo,2020-12-31,481.62,14.45,51.47000000000003,44.56,11.965593397651988,147.99070076386585
Djibouti,2017-03-31,885.22,-26.56,0.0,0.0,0.0,0.0
Djibouti,2017-06-30,724.69,-7.25,0.0,0.0,0.0,0.0
Djibouti,2017-09-30,1395.16,21.15,0.0,0.0,0.0,0.0
Djibouti,2017-12-31,0.0,0.0,0.0,0.0,0.0,0.0
Djibouti,2018-03-31,422.1,-6.34,-463.12,20.22,-52.31693816226475,-76.12951807228916
Djibouti,2018-06-30,688.39,-20.65,-36.30000000000007,-13.399999999999999,-5.009038347431324,184.8275862068965
Djibouti,2018-09-30,818.68,40.93,-576.4800000000001,19.78,-41.31999197224692,93.52245862884162
Djibouti,2018-12-31,0.0,0.0,0.0,0.0,,
Djibouti,2019-03-31,833.21,16.66,411.11,23.0,97.39635157545605,362.77602523659306
Djibouti,2019-06-30,914.68,-30.63,226.28999999999996,-9.98,32.872354334025765,48.32929782082325
Djibouti,2019-09-30,952.85,-28.59,134.17000000000007,-69.52,16.388576733277972,-169.8509650623015
Djibouti,2019-12-31,0.0,0.0,0.0,0.0,,
Djibouti,2020-03-31,1325.03,35.09,491.81999999999994,18.430000000000003,59.02713601613038,110.62424969987997
Djibouti,2020-06-30,0.0,0.0,-914.68,30.63,-100.0,-100.0
Djibouti,2020-09-30,38.26,-0.77,-914.59,27.82,-95.98467754630843,-97.30675061210214
Djibouti,2020-12-31,338.99,-6.78,338.99,-6.78,,
Egypt,2017-03-31,1205.74,74.22,0.0,0.0,0.0,0.0
Egypt,2017-06-30,510.23,20.41,0.0,0.0,0.0,0.0
Egypt,2017-09-30,928.29,46.41,0.0,0.0,0.0,0.0
Egypt,2017-12-31,0.0,0.0,0.0,0.0,0.0,0.0
Egypt,2018-03-31,120.75,1.21,-1084.99,-73.01,-89.98540315490902,-98.36971166801402
Egypt,2018-06-30,754.3,15.87,244.06999999999994,-4.540000000000001,47.83528996726965,-22.24399804017639
Egypt,2018-09-30,654.41,32.72,-273.88,-13.689999999999998,-29.503711124756272,-29.497953027364787
Egypt,2018-12-31,0.0,0.0,0.0,0.0,,
Egypt,2019-03-31,435.44,21.77,314.69,20.56,260.6128364389234,1699.1735537190082
Egypt,2019-06-30,979.71,-20.63,225.41000000000008,-36.5,29.88333554288746,-229.9936988027725
Egypt,2019-09-30,0.0,0.0,-654.41,-32.72,-100.0,-100.0
Egypt,2019-12-31,485.04,-38.8,485.04,-38.8,,
Egypt,2020-03-31,303.03,-18.18,-132.41000000000003,-39.95,-30.408322616204302,-183.50941662838773
Egypt,2020-06-30,510.23,17.35,-469.48,37.980000000000004,-47.92030294679038,184.10082404265634
Egypt,2020-09-30,0.0,0.0,0.0,0.0,,
Egypt,2020-12-31,506.78,-10.14,21.739999999999952,28.659999999999997,4.482104568695355,-73.8659793814433
Equatorial Guinea,2017-03-31,1873.34,-33.87,0.0,0.0,0.0,0.0
Equatorial Guinea,2017-06-30,0.0,0.0,0.0,0.0,0.0,0.0
Equatorial Guinea,2017-09-30,1156.96,33.66,0.0,0.0,0.0,0.0
Equatorial Guinea,2017-12-31,0.0,0.0,0.0,0.0,0.0,0.0
Equatorial Guinea,2018-03-31,32.98,-2.64,-1840.36,31.229999999999997,-98.23950804445536,-92.20549158547387
Equatorial Guinea,2018-06-30,301.1,9.03,301.1,9.03,,
Equatorial Guinea,2018-09-30,1350.69,3.68,193.73000000000002,-29.979999999999997,16.74474484856866,-89.06714200831848
Equatorial Guinea,2018-12-31,0.0,0.0,0.0,0.0,,
Equatorial Guinea,2019-03-31,207.77,6.23,174.79000000000002,8.870000000000001,529.9878714372347,335.9848484848485
Equatorial Guinea,2019-06-30,497.89,9.96,196.78999999999996,0.9300000000000015,65.35702424443704,10.299003322259153
Equatorial Guinea,2019-09-30,649.16,32.46,-701.5300000000001,28.78,-51.93863876981395,782.0652173913043
Equatorial Guinea,2019-12-31,800.51,32.02,800.51,32.02,,
Equatorial Guinea,2020-03-31,691.53,17.36,483.76,11.129999999999999,232.83438417480866,178.6516853932584
Equatorial Guinea,2020-06-30,481.01,-9.62,-16.879999999999995,-19.58,-3.3903070959448867,-196.58634538152606
Equatorial Guinea,2020-09-30,289.07,-20.23,-360.09,-52.69,-55.47014603487583,-162.32285890326554
Equatorial Guinea,2020-12-31,0.0,0.0,-800.51,-32.02,-100.0,-100.0
Eritrea,2017-03-31,988.55,21.68,0.0,0.0,0.0,0.0
Eritrea,2017-06-30,857.28,-34.29,0.0,0.0,0.0,0.0
Eritrea,2017-09-30,0.0,0.0,0.0,0.0,0.0,0.0
Eritrea,2017-12-31,155.37,-1.55,0.0,0.0,0.0,0.0
Eritrea,2018-03-31,1131.32,82.19,142.76999999999998,60.51,14.44236508016792,279.1051660516605
Eritrea,2018-06-30,0.0,0.0,-857.28,34.29,-100.0,-100.0
Eritrea,2018-09-30,829.05,8.29,829.05,8.29,,
Eritrea,2018-12-31,699.51,-7.0,544.14,-5.45,350.2220505889168,351.61290322580646
Eritrea,2019-03-31,832.45,76.72,-298.8699999999999,-5.469999999999999,-26.417812820422153,-6.655310865068742
Eritrea,2019-06-30,0.0,0.0,0.0,0.0,,
Eritrea,2019-09-30,325.46,6.51,-503.59,-1.7799999999999994,-60.743019118267895,-21.471652593486123
Eritrea,2019-12-31,0.0,0.0,-699.51,7.0,-100.0,-100.0
Eritrea,2020-03-31,845.23,-50.71,12.779999999999973,-127.43,1.535227340981437,-166.09749739311783
Eritrea,2020-06-30,891.31,26.74,891.31,26.74,,
Eritrea,2020-09-30,856.67,-59.97,531.21,-66.48,163.21821421987343,-1021.1981566820277
Eritrea,2020-12-31,310.64,3.11,310.64,3.11,,
Ethiopia,2017-03-31,509.93,10.2,0.0,0.0,0.0,0.0
Ethiopia,2017-06-30,600.36,6.0,0.0,0.0,0.0,0.0
Ethiopia,2017-09-30,18.17,0.73,0.0,0.0,0.0,0.0
Ethiopia,2017-12-31,386.59,-23.2,0.0,0.0,0.0,0.0
Ethiopia,2018-03-31,932.04,74.56,422.10999999999996,64.36,82.77802835683327,630.9803921568628
Ethiopia,2018-06-30,867.75,65.55,267.39,59.55,44.53827703377973,992.4999999999999
Ethiopia,2018-09-30,0.0,0.0,-18.17,-0.73,-100.0,-100.0
Ethiopia,2018-12-31,751.02,-15.02,364.43,8.18,94.2678289660881,-35.258620689655174
Ethiopia,2019-03-31,599.04,-7.62,-333.0,-82.18,-35.72808033989958,-110.21995708154506
Ethiopia,2019-06-30,0.0,0.0,-867.75,-65.55,-100.0,-100.0
Ethiopia,2019-09-30,624.27,49.94,624.27,49.94,,
Ethiopia,2019-12-31,743.67,29.75,-7.350000000000023,44.769999999999996,-0.9786690101462042,298.06924101198405
Ethiopia,2020-03-31,638.73,25.88,39.690000000000055,33.5,6.625600961538471,439.6325459317585
Ethiopia,2020-06-30,0.0,0.0,0.0,0.0,,
Ethiopia,2020-09-30,872.97,0.0,248.70000000000005,-49.94,39.83853140468068,-100.0
Ethiopia,2020-12-31,649.92,-6.5,-93.75,-36.25,-12.60639799911251,-121.84873949579831
Gabon,2017-03-31,1936.96,67.64,0.0,0.0,0.0,0.0
Gabon,2017-06-30,914.72,0.0,0.0,0.0,0.0,0.0
Gabon,2017-09-30,950.34,-66.52,0.0,0.0,0.0,0.0
Gabon,2017-12-31,0.0,0.0,0.0,0.0,0.0,0.0
Gabon,2018-03-31,651.85,13.04,-1285.1100000000001,-54.6,-66.34674954567983,-80.72146658781786
Gabon,2018-06-30,183.0,16.47,-731.72,16.47,-79.9938779079937,
Gabon,2018-09-30,53.37,-4.27,-896.97,62.25,-94.38411515878528,-93.5808779314492
Gabon,2018-12-31,692.57,0.0,692.57,0.0,,
Gabon,2019-03-31,46.01,4.6,-605.84,-8.44,-92.94162767507862,-64.7239263803681
Gabon,2019-06-30,1272.35,7.75,1089.35,-8.719999999999999,595.2732240437158,-52.94474802671524
Gabon,2019-09-30,0.0,0.0,-53.37,4.27,-100.0,-100.0
Gabon,2019-12-31,771.44,77.14,78.87,77.14,11.388018539642202,
Gabon,2020-03-31,209.14,-8.37,163.13,-12.969999999999999,354.55335796565964,-281.95652173913044
Gabon,2020-06-30,1262.89,-101.03,-9.459999999999809,-108.78,-0.7435061107399544,-1403.6129032258066
Gabon,2020-09-30,157.86,-7.89,157.86,-7.89,,
Gabon,2020-12-31,0.0,0.0,-771.44,-77.14,-100.0,-100.0
Ghana,2017-03-31,753.19,7.06,0.0,0.0,0.0,0.0
Ghana,2017-06-30,0.0,0.0,0.0,0.0,0.0,0.0
Ghana,2017-09-30,1119.81,-9.78,0.0,0.0,0.0,0.0
Ghana,2017-12-31,1732.45,-22.12,0.0,0.0,0.0,0.0
Ghana,2018-03-31,1467.72,-40.33,714.53,-47.39,94.86716499156918,-671.2464589235128
Ghana,2018-06-30,783.41,23.5,783.41,23.5,,
Ghana,2018-09-30,1396.51,99.04,276.70000000000005,108.82000000000001,24.70954894133827,1112.678936605317
Ghana,2018-12-31,432.15,43.22,-1300.3000000000002,65.34,-75.05555715893676,295.3887884267631
Ghana,2019-03-31,2239.88,81.51,772.1600000000001,121.84,52.60948954841523,302.10761219935534
Ghana,2019-06-30,1319.52,-81.82,536.11,-105.32,68.43287678227237,-448.1702127659574
Ghana,2019-09-30,472.8,20.15,-923.71,-78.89000000000001,-66.14417369012754,-79.65468497576738
Ghana,2019-12-31,535.35,-26.77,103.20000000000005,-69.99,23.880597014925385,-161.93891716797776
Ghana,2020-03-31,1051.14,21.85,-1188.74,-59.660000000000004,-53.071593121060054,-73.1934731934732
Ghana,2020-06-30,817.72,8.18,-501.79999999999995,90.0,-38.02898023523705,109.99755560987535
Ghana,2020-09-30,1532.36,59.82,1059.56,39.67,224.10321489001691,196.87344913151367
Ghana,2020-12-31,432.32,17.29,-103.03000000000003,44.06,-19.245353507051465,164.58722450504297
Guinea,2017-03-31,1014.67,46.25,0.0,0.0,0.0,0.0
Guinea,2017-06-30,10.69,-0.75,0.0,0.0,0.0,0.0
Guinea,2017-09-30,0.0,0.0,0.0,0.0,0.0,0.0
Guinea,2017-12-31,291.86,-17.51,0.0,0.0,0.0,0.0
Guinea,2018-03-31,683.41,-39.72,-331.26,-85.97,-32.6470675194891,-185.88108108108108
Guinea,2018-06-30,0.0,0.0,-10.69,0.75,-100.0,-100.0
Guinea,2018-09-30,197.63,1.98,197.63,1.98,,
Guinea,2018-12-31,371.08,-3.71,79.21999999999997,13.8,27.143150825738356,-78.81210736721873
Guinea,2019-03-31,784.48,-39.22,101.07000000000005,0.5,14.78907244553051,-1.2588116817724069
Guinea,2019-06-30,1264.35,-19.2,1264.35,-19.2,,
Guinea,2019-09-30,0.0,0.0,-197.63,-1.98,-100.0,-100.0
Guinea,2019-12-31,350.47,28.04,-20.609999999999957,31.75,-5.554058424059491,855.7951482479785
Guinea,2020-03-31,547.17,16.42,-237.31000000000006,55.64,-30.250611870283507,141.86639469658337
Guinea,2020-06-30,821.64,-24.65,-442.7099999999999,-5.449999999999999,-35.01482975441926,28.385416666666664
Guinea,2020-09-30,255.31,-12.77,255.31,-12.77,,
Guinea-Bissau,2020-12-31,0.0,0.0,-350.47,-28.04,-100.0,-100.0
Guinea-Bissau,2017-03-31,28.16,0.28,0.0,0.0,0.0,0.0
Guinea-Bissau,2017-06-30,1342.32,77.18,0.0,0.0,0.0,0.0
Guinea-Bissau,2017-09-30,0.0,0.0,0.0,0.0,0.0,0.0
Guinea-Bissau,2017-12-31,812.02,40.6,0.0,0.0,0.0,0.0
Guinea-Bissau,2018-03-31,890.77,5.79,862.61,5.51,3063.2457386363635,1967.8571428571427
Guinea-Bissau,2018-06-30,0.0,0.0,-1342.32,-77.18,-100.0,-100.0
Guinea-Bissau,2018-09-30,1146.63,68.86,1146.63,68.86,,
Guinea-Bissau,2018-12-31,0.0,0.0,-812.02,-40.6,-100.0,-100.0
Guinea-Bissau,2019-03-31,119.64,10.77,-771.13,4.9799999999999995,-86.5689235156101,86.01036269430051
Guinea-Bissau,2019-06-30,768.89,-11.87,768.89,-11.87,,
Guinea-Bissau,2019-09-30,0.0,0.0,-1146.63,-68.86,-100.0,-100.0
Guinea-Bissau,2019-12-31,547.68,-38.34,547.68,-38.34,,
Guinea-Bissau,2020-03-31,776.71,6.06,657.07,-4.71,549.205951186894,-43.73259052924791
Guinea-Bissau,2020-06-30,53.89,4.31,-715.0,16.18,-92.99119509942905,136.31002527379948
Guinea-Bissau,2020-09-30,0.0,0.0,0.0,0.0,,
Guinea-Bissau,2020-12-31,428.02,38.52,-119.65999999999997,76.86000000000001,-21.848524685947996,200.46948356807513
Kenya,2017-03-31,992.58,49.63,0.0,0.0,0.0,0.0
Kenya,2017-06-30,975.92,-69.56,0.0,0.0,0.0,0.0
Kenya,2017-09-30,0.0,0.0,0.0,0.0,0.0,0.0
Kenya,2017-12-31,341.57,-10.25,0.0,0.0,0.0,0.0
Kenya,2018-03-31,425.64,-24.85,-566.94,-74.48,-57.11781418122469,-150.07052186177717
Kenya,2018-06-30,0.0,0.0,-975.92,69.56,-100.0,-100.0
Kenya,2018-09-30,768.89,-23.07,768.89,-23.07,,
Kenya,2018-12-31,606.12,24.24,264.55,34.489999999999995,77.451181309834,336.48780487804873
Kenya,2019-03-31,344.77,-13.79,-80.87,11.060000000000002,-18.99962409547975,-44.507042253521135
Kenya,2019-06-30,1188.39,42.65,1188.39,42.65,,
Kenya,2019-09-30,759.18,-15.18,-9.710000000000036,7.890000000000001,-1.2628594467349084,-34.20026007802341
Kenya,2019-12-31,0.0,0.0,-606.12,-24.24,-100.0,-100.0
Kenya,2020-03-31,914.44,12.8,569.6700000000001,26.59,165.2318937262523,192.8208846990573
Kenya,2020-06-30,613.64,-30.68,-574.7500000000001,-73.33,-48.36375264012656,-171.93434935521688
Kenya,2020-09-30,0.0,0.0,-759.18,15.18,-100.0,-100.0
Kenya,2020-12-31,737.57,36.88,737.57,36.88,,
Lesotho,2017-03-31,153.27,4.6,0.0,0.0,0.0,0.0
Lesotho,2017-06-30,484.25,33.9,0.0,0.0,0.0,0.0
Lesotho,2017-09-30,1125.27,65.72,0.0,0.0,0.0,0.0
Lesotho,2017-12-31,0.0,0.0,0.0,0.0,0.0,0.0
Lesotho,2018-03-31,711.29,56.9,558.02,52.3,364.07646636654266,1136.9565217391305
Lesotho,2018-06-30,758.39,-58.22,274.14,-92.12,56.61125451729478,-271.74041297935105
Lesotho,2018-09-30,401.94,-8.04,-723.3299999999999,-73.75999999999999,-64.28057266256097,-112.23371880706023
Lesotho,2018-12-31,0.0,0.0,0.0,0.0,,
Lesotho,2019-03-31,264.4,23.8,-446.89,-33.099999999999994,-62.82810105582814,-58.172231985940236
Lesotho,2019-06-30,716.33,35.82,-42.059999999999945,94.03999999999999,-5.545959203048556,161.52524905530746
Lesotho,2019-09-30,758.26,66.18,356.32,74.22,88.65004727073692,923.134328358209
Lesotho,2019-12-31,0.0,0.0,0.0,0.0,,
Lesotho,2020-03-31,587.27,25.49,322.87,1.6899999999999977,122.11422087745841,7.100840336134444
Lesotho,2020-06-30,930.77,46.54,214.43999999999994,10.719999999999999,29.935923387265635,29.927414852037966
Lesotho,2020-09-30,526.93,-26.35,-231.33000000000004,-92.53,-30.508005169730705,-139.81565427621635
Lesotho,2020-12-31,0.0,0.0,0.0,0.0,,
Liberia,2017-03-31,1238.6,-74.64,0.0,0.0,0.0,0.0
Liberia,2017-06-30,480.03,4.8,0.0,0.0,0.0,0.0
Liberia,2017-09-30,78.12,-5.47,0.0,0.0,0.0,0.0
Liberia,2017-12-31,0.0,0.0,0.0,0.0,0.0,0.0
Liberia,2018-03-31,634.05,-50.72,-604.55,23.92,-48.809139350880024,-32.047159699892816
Liberia,2018-06-30,236.5,-18.92,-243.52999999999997,-23.720000000000002,-50.73224590129784,-494.16666666666674
Liberia,2018-09-30,50.48,-4.04,-27.640000000000008,1.4299999999999997,-35.38146441372248,-26.142595978062154
Liberia,2018-12-31,778.49,54.49,778.49,54.49,,
Liberia,2019-03-31,750.82,-49.29,116.7700000000001,1.4299999999999997,18.416528664931803,-2.819400630914826
Liberia,2019-06-30,515.28,-10.31,278.78,8.610000000000001,117.87737843551795,-45.50739957716702
Liberia,2019-09-30,0.0,0.0,-50.48,4.04,-100.0,-100.0
Liberia,2019-12-31,306.96,9.21,-471.53000000000003,-45.28,-60.56982106385439,-83.09781611304827
Liberia,2020-03-31,1190.47,24.25,439.65,73.53999999999999,58.55597879651581,149.19862040981943
Liberia,2020-06-30,0.0,0.0,-515.28,10.31,-100.0,-100.0
Liberia,2020-09-30,239.28,-4.79,239.28,-4.79,,
Liberia,2020-12-31,133.26,-8.0,-173.7,-17.21,-56.58717748240814,-186.86210640608033
Libya,2017-03-31,901.98,29.56,0.0,0.0,0.0,0.0
Libya,2017-06-30,587.33,-5.87,0.0,0.0,0.0,0.0
Libya,2017-09-30,0.0,0.0,0.0,0.0,0.0,0.0
Libya,2017-12-31,823.82,16.48,0.0,0.0,0.0,0.0
Libya,2018-03-31,740.66,74.07,-161.32000000000005,44.50999999999999,-17.885097230537266,150.57510148849795
Libya,2018-06-30,980.87,25.53,393.53999999999996,31.400000000000002,67.00492057276148,534.923339011925
Libya,2018-09-30,183.31,12.83,183.31,12.83,,
Libya,2018-12-31,0.0,0.0,-823.82,-16.48,-100.0,-100.0
Libya,2019-03-31,631.19,-23.96,-109.46999999999991,-98.03,-14.780061026651895,-132.34777912785205
Libya,2019-06-30,0.0,0.0,-980.87,-25.53,-100.0,-100.0
Libya,2019-09-30,1242.01,49.68,1058.7,36.85,577.5462331569472,287.2174590802806
Libya,2019-12-31,0.0,0.0,0.0,0.0,,
Libya,2020-03-31,112.07,3.36,-519.1200000000001,27.32,-82.24464899634026,114.02337228714524
Libya,2020-06-30,171.11,6.84,171.11,6.84,,
Libya,2020-09-30,344.48,10.33,-897.53,-39.35,-72.26431349183984,-79.20692431561997
Libya,2020-12-31,106.59,-6.4,106.59,-6.4,,
Madagascar,2017-03-31,1033.71,-74.81,0.0,0.0,0.0,0.0
Madagascar,2017-06-30,0.0,0.0,0.0,0.0,0.0,0.0
Madagascar,2017-09-30,787.38,-15.75,0.0,0.0,0.0,0.0
Madagascar,2017-12-31,947.92,37.92,0.0,0.0,0.0,0.0
Madagascar,2018-03-31,893.28,-71.46,-140.43000000000006,3.3500000000000085,-13.58504803087907,-4.478010961101468
Madagascar,2018-06-30,924.49,38.81,924.49,38.81,,
Madagascar,2018-09-30,0.0,0.0,-787.38,15.75,-100.0,-100.0
Madagascar,2018-12-31,859.08,-25.77,-88.83999999999992,-63.69,-9.372098911300524,-167.95886075949366
Madagascar,2019-03-31,1116.92,-4.47,223.6400000000001,66.99,25.035823034211006,-93.74475230898405
Madagascar,2019-06-30,0.0,0.0,-924.49,-38.81,-100.0,-100.0
Madagascar,2019-09-30,1138.96,104.43,1138.96,104.43,,
Madagascar,2019-12-31,0.0,0.0,-859.08,25.77,-100.0,-100.0
Madagascar,2020-03-31,644.44,20.86,-472.48,25.33,-42.30204490921462,566.6666666666667
Madagascar,2020-06-30,0.0,0.0,0.0,0.0,,
Madagascar,2020-09-30,600.21,-6.0,-538.75,-110.43,-47.301924562759005,-105.7454754380925
Madagascar,2020-12-31,32.73,-0.65,32.73,-0.65,,
Malawi,2017-03-31,1492.78,27.96,0.0,0.0,0.0,0.0
Malawi,2017-06-30,985.55,54.09,0.0,0.0,0.0,0.0
Malawi,2017-09-30,1625.23,-14.91,0.0,0.0,0.0,0.0
Malawi,2017-12-31,159.38,-12.75,0.0,0.0,0.0,0.0
Malawi,2018-03-31,1889.85,99.54,397.06999999999994,71.58000000000001,26.599364943260223,256.00858369098717
Malawi,2018-06-30,1462.66,-14.87,477.1100000000001,-68.96000000000001,48.41053219014765,-127.49121833980404
Malawi,2018-09-30,2083.97,21.62,458.7399999999998,36.53,28.226158759067932,245.0033534540577
Malawi,2018-12-31,0.0,0.0,-159.38,12.75,-100.0,-100.0
Malawi,2019-03-31,1033.5,-31.2,-856.3499999999999,-130.74,-45.31312008889594,-131.3441832429174
Malawi,2019-06-30,317.87,31.79,-1144.79,46.66,-78.26767669861758,313.7861466039005
Malawi,2019-09-30,1692.8,99.35,-391.16999999999985,77.72999999999999,-18.770423758499398,359.5282146160962
Malawi,2019-12-31,692.45,6.92,692.45,6.92,,
Malawi,2020-03-31,1409.85,-15.88,376.3499999999999,15.319999999999999,36.415094339622634,-49.1025641025641
Malawi,2020-06-30,316.12,-6.32,-1.75,-38.11,-0.5505395287381634,-119.88046555520604
Malawi,2020-09-30,983.97,28.87,-708.8299999999999,-70.47999999999999,-41.87322778827977,-70.94111726220433
Malawi,2020-12-31,1028.89,45.97,336.44000000000005,39.05,48.58690158134162,564.306358381503
Mali,2017-03-31,847.01,42.35,0.0,0.0,0.0,0.0
Mali,2017-06-30,242.34,-16.96,0.0,0.0,0.0,0.0
Mali,2017-09-30,499.61,-38.01,0.0,0.0,0.0,0.0
Mali,2017-12-31,0.0,0.0,0.0,0.0,0.0,0.0
Mali,2018-03-31,305.74,-9.17,-541.27,-51.52,-63.90361388885609,-121.65289256198348
Mali,2018-06-30,265.44,15.93,23.099999999999994,32.89,9.532062391681107,193.92688679245282
Mali,2018-09-30,891.4,48.8,391.78999999999996,86.81,78.41916695022117,228.3872665088135
Mali,2018-12-31,0.0,0.0,0.0,0.0,,
Mali,2019-03-31,1083.56,-39.45,777.8199999999999,-30.28,254.40570419310524,330.2071973827699
Mali,2019-06-30,0.0,0.0,-265.44,-15.93,-100.0,-100.0
Mali,2019-09-30,77.85,-6.23,-813.55,-55.03,-91.26654700471168,-112.76639344262296
Mali,2019-12-31,572.27,-11.45,572.27,-11.45,,
Mali,2020-03-31,827.7,26.55,-255.8599999999999,66.0,-23.612905607442126,167.30038022813687
Mali,2020-06-30,0.0,0.0,0.0,0.0,,
Mali,2020-09-30,619.63,4.73,541.78,10.96,695.9280667951189,175.92295345104333
Mali,2020-12-31,0.0,0.0,-572.27,11.45,-100.0,-100.0
Mauritania,2017-03-31,211.03,12.66,0.0,0.0,0.0,0.0
Mauritania,2017-06-30,838.86,58.72,0.0,0.0,0.0,0.0
Mauritania,2017-09-30,573.76,-34.43,0.0,0.0,0.0,0.0
Mauritania,2017-12-31,0.0,0.0,0.0,0.0,0.0,0.0
Mauritania,2018-03-31,1022.63,17.88,811.6,5.219999999999999,384.58986873904183,41.23222748815165
Mauritania,2018-06-30,0.0,0.0,-838.86,-58.72,-100.0,-100.0
Mauritania,2018-09-30,1088.88,52.78,515.1200000000001,87.21000000000001,89.7796988287786,253.29654371187922
Mauritania,2018-12-31,0.0,0.0,0.0,0.0,,
Mauritania,2019-03-31,939.81,-9.13,-82.82000000000005,-27.009999999999998,-8.098725834368253,-151.06263982102908
Mauritania,2019-06-30,356.89,-17.84,356.89,-17.84,,
Mauritania,2019-09-30,0.0,0.0,-1088.88,-52.78,-100.0,-100.0
Mauritania,2019-12-31,784.94,78.49,784.94,78.49,,
Mauritania,2020-03-31,949.73,37.99,9.920000000000073,47.120000000000005,1.0555325012502605,516.1007667031764
Mauritania,2020-06-30,1434.54,119.94,1077.65,137.78,301.9557846955645,772.3094170403588
Mauritania,2020-09-30,871.54,-17.43,871.54,-17.43,,
Mauritania,2020-12-31,0.0,0.0,-784.94,-78.49,-100.0,-100.0
Mauritius,2017-03-31,1385.19,-62.76,0.0,0.0,0.0,0.0
Mauritius,2017-06-30,0.0,0.0,0.0,0.0,0.0,0.0
Mauritius,2017-09-30,512.94,25.65,0.0,0.0,0.0,0.0
Mauritius,2017-12-31,223.29,11.16,0.0,0.0,0.0,0.0
Mauritius,2018-03-31,352.89,31.76,-1032.3000000000002,94.52,-74.52407250990841,150.60548119821541
Mauritius,2018-06-30,442.97,44.3,442.97,44.3,,
Mauritius,2018-09-30,355.21,-4.66,-157.73000000000008,-30.31,-30.750185206846815,-118.16764132553605
Mauritius,2018-12-31,0.0,0.0,-223.29,-11.16,-100.0,-100.0
Mauritius,2019-03-31,444.48,13.33,91.59000000000003,-18.43,25.954263368188396,-58.02896725440806
Mauritius,2019-06-30,413.26,-21.47,-29.710000000000036,-65.77,-6.7070004740727445,-148.46501128668172
Mauritius,2019-09-30,0.0,0.0,-355.21,4.66,-100.0,-100.0
Mauritius,2019-12-31,15.99,-0.8,15.99,-0.8,,
Mauritius,2020-03-31,1010.56,73.29,566.0799999999999,59.96000000000001,127.35781137508997,449.81245311327837
Mauritius,2020-06-30,0.0,0.0,-413.26,21.47,-100.0,-100.0
Mauritius,2020-09-30,361.28,3.61,361.28,3.61,,
Mauritius,2020-12-31,148.56,10.4,132.57,11.200000000000001,829.0806754221387,1400.0
Morocco,2017-03-31,832.54,58.28,0.0,0.0,0.0,0.0
Morocco,2017-06-30,703.93,-35.2,0.0,0.0,0.0,0.0
Morocco,2017-09-30,241.48,-4.83,0.0,0.0,0.0,0.0
Morocco,2017-12-31,855.42,51.33,0.0,0.0,0.0,0.0
Morocco,2018-03-31,301.61,30.16,-530.93,-28.12,-63.77231124030076,-48.24982841455044
Morocco,2018-06-30,181.59,9.24,-522.3399999999999,44.440000000000005,-74.20340090634011,126.25
Morocco,2018-09-30,0.0,0.0,-241.48,4.83,-100.0,-100.0
Morocco,2018-12-31,43.55,2.61,-811.87,-48.72,-94.9089336232494,-94.91525423728814
Morocco,2019-03-31,101.49,8.12,-200.12,-22.04,-66.35058519279865,-73.07692307692307
Morocco,2019-06-30,1126.85,28.31,945.2599999999999,19.07,520.5462855884134,206.3852813852814
Morocco,2019-09-30,150.54,-12.04,150.54,-12.04,,
Morocco,2019-12-31,0.0,0.0,-43.55,-2.61,-100.0,-100.0
Morocco,2020-03-31,898.19,-44.91,796.7,-53.029999999999994,785.0034486156272,-653.0788177339901
Morocco,2020-06-30,355.17,-14.82,-771.6799999999998,-43.129999999999995,-68.48116430758307,-152.3489932885906
Morocco,2020-09-30,0.0,0.0,-150.54,12.04,-100.0,-100.0
Morocco,2020-12-31,184.49,-7.38,184.49,-7.38,,
Mozambique,2017-03-31,479.57,41.94,0.0,0.0,0.0,0.0
Mozambique,2017-06-30,986.39,-19.73,0.0,0.0,0.0,0.0
Mozambique,2017-09-30,0.0,0.0,0.0,0.0,0.0,0.0
Mozambique,2017-12-31,183.56,-7.34,0.0,0.0,0.0,0.0
Mozambique,2018-03-31,717.16,-7.17,237.58999999999997,-49.11,49.54229830890172,-117.09585121602291
Mozambique,2018-06-30,582.09,34.93,-404.29999999999995,54.66,-40.98784456452316,277.04004054738976
Mozambique,2018-09-30,438.03,-4.38,438.03,-4.38,,
Mozambique,2018-12-31,393.33,35.4,209.76999999999998,42.739999999999995,114.27870995859664,582.2888283378746
Mozambique,2019-03-31,549.94,38.5,-167.2199999999999,45.67,-23.316972502649328,636.9595536959554
Mozambique,2019-06-30,1777.98,-59.67,1195.8899999999999,-94.6,205.4476111941452,-270.8273690237618
Mozambique,2019-09-30,0.0,0.0,-438.03,4.38,-100.0,-100.0
Mozambique,2019-12-31,937.98,0.0,544.6500000000001,-35.4,138.47151247044468,-100.0
Mozambique,2020-03-31,1739.14,99.3,1189.2,60.8,216.24177182965414,157.9220779220779
Mozambique,2020-06-30,0.0,0.0,-1777.98,59.67,-100.0,-100.0
Mozambique,2020-09-30,562.83,5.63,562.83,5.63,,
Mozambique,2020-12-31,159.81,-11.19,-778.1700000000001,-11.19,-82.96232329047528,
Namibia,2017-03-31,668.32,36.9,0.0,0.0,0.0,0.0
Namibia,2017-06-30,0.0,0.0,0.0,0.0,0.0,0.0
Namibia,2017-09-30,1612.99,-44.73,0.0,0.0,0.0,0.0
Namibia,2017-12-31,0.0,0.0,0.0,0.0,0.0,0.0
Namibia,2018-03-31,84.09,-2.52,-584.23,-39.42,-87.41770409384726,-106.82926829268294
Namibia,2018-06-30,789.26,-27.34,789.26,-27.34,,
Namibia,2018-09-30,234.66,0.0,-1378.33,44.73,-85.45186268978728,-100.0
Namibia,2018-12-31,0.0,0.0,0.0,0.0,,
Namibia,2019-03-31,927.03,46.35,842.9399999999999,48.870000000000005,1002.425972172672,1939.2857142857147
Namibia,2019-06-30,1849.54,-39.55,1060.28,-12.209999999999997,134.33849428578668,44.659839063643005
Namibia,2019-09-30,88.06,7.93,-146.6,7.93,-62.47336572061706,
Namibia,2019-12-31,0.0,0.0,0.0,0.0,,
Namibia,2020-03-31,174.17,3.48,-752.86,-42.870000000000005,-81.21204276021273,-92.49190938511327
Namibia,2020-06-30,978.37,39.13,-871.17,78.68,-47.10198211447171,198.93805309734515
Namibia,2020-09-30,547.71,-38.34,459.65000000000003,-46.27,521.9736543265955,-583.4804539722574
Namibia,2020-12-31,951.26,95.13,951.26,95.13,,
Niger,2017-03-31,3.3,-0.03,0.0,0.0,0.0,0.0
Niger,2017-06-30,59.99,-4.8,0.0,0.0,0.0,0.0
Niger,2017-09-30,993.01,-30.17,0.0,0.0,0.0,0.0
Niger,2017-12-31,0.0,0.0,0.0,0.0,0.0,0.0
Niger,2018-03-31,966.64,-19.33,963.34,-19.299999999999997,29192.121212121212,64333.33333333333
Niger,2018-06-30,512.06,46.09,452.06999999999994,50.89,753.5755959326553,1060.2083333333335
Niger,2018-09-30,471.58,-23.58,-521.4300000000001,6.590000000000003,-52.51004521606026,-21.842890288365936
Niger,2018-12-31,958.9,-38.36,958.9,-38.36,,
Niger,2019-03-31,1409.94,-44.51,443.30000000000007,-25.18,45.859885789952834,130.26383859286085
Niger,2019-06-30,389.73,-15.59,-122.32999999999993,-61.68000000000001,-23.889778541577147,-133.82512475591236
Niger,2019-09-30,346.72,-17.34,-124.85999999999996,6.239999999999998,-26.476949828236982,-26.463104325699742
Niger,2019-12-31,0.0,0.0,-958.9,38.36,-100.0,-100.0
Niger,2020-03-31,1713.49,-6.77,303.54999999999995,37.739999999999995,21.529284934110667,-84.78993484610199
Niger,2020-06-30,945.62,0.0,555.89,15.59,142.6346444974726,-100.0
Niger,2020-09-30,812.17,-64.97,465.44999999999993,-47.629999999999995,134.24377018920163,274.68281430219145
Niger,2020-12-31,0.0,0.0,0.0,0.0,,
Nigeria,2017-03-31,3853.96,-0.32,0.0,0.0,0.0,0.0
Nigeria,2017-06-30,1278.44,27.39,0.0,0.0,0.0,0.0
Nigeria,2017-09-30,3149.48,-172.47,0.0,0.0,0.0,0.0
Nigeria,2017-12-31,1045.46,45.56,0.0,0.0,0.0,0.0
Nigeria,2018-03-31,1603.88,36.91,-2250.08,37.23,-58.38358467654049,11634.374999999998
Nigeria,2018-06-30,1783.93,-27.96,505.49,-55.35,39.5395951315666,-202.08105147864183
Nigeria,2018-09-30,1970.64,68.48,-1178.84,240.95,-37.42967092980428,139.70545602133703
Nigeria,2018-12-31,1259.66,-27.65,214.20000000000005,-73.21000000000001,20.488588755189106,-160.68920105355576
Nigeria,2019-03-31,1594.87,-39.68,-9.010000000000218,-76.59,-0.5617627253909405,-207.5047412625305
Nigeria,2019-06-30,1662.42,3.27,-121.50999999999999,31.23,-6.81136591682409,111.69527896995707
Nigeria,2019-09-30,1577.76,45.23,-392.8800000000001,-23.250000000000007,-19.93667032030204,-33.951518691588795
Nigeria,2019-12-31,1012.05,-22.96,-247.61000000000013,4.689999999999998,-19.65689154216218,-16.96202531645569
Nigeria,2020-03-31,3187.35,-35.36,1592.48,4.32,99.85014452588614,-10.88709677419355
Nigeria,2020-06-30,1656.55,54.9,-5.870000000000118,51.629999999999995,-0.353099698030589,1578.8990825688072
Nigeria,2020-09-30,2519.48,90.89,941.72,45.660000000000004,59.687151404522865,100.95069644041568
Nigeria,2020-12-31,824.38,41.01,-187.66999999999996,63.97,-18.543550219850793,278.6149825783972
Rwanda,2017-03-31,581.19,8.39,0.0,0.0,0.0,0.0
Rwanda,2017-06-30,736.43,14.73,0.0,0.0,0.0,0.0
Rwanda,2017-09-30,264.47,-5.29,0.0,0.0,0.0,0.0
Rwanda,2017-12-31,0.0,0.0,0.0,0.0,0.0,0.0
Rwanda,2018-03-31,1332.8,-41.07,751.6099999999999,-49.46,129.32259674116895,-589.5113230035757
Rwanda,2018-06-30,646.27,45.24,-90.15999999999997,30.51,-12.242847249568863,207.12830957230142
Rwanda,2018-09-30,435.41,4.35,170.94,9.64,64.63493023783415,182.23062381852552
Rwanda,2018-12-31,0.0,0.0,0.0,0.0,,
Rwanda,2019-03-31,543.44,32.61,-789.3599999999999,73.68,-59.22569027611044,179.4010226442659
Rwanda,2019-06-30,1106.6,11.06,460.3299999999999,-34.18,71.22874340445942,-75.552608311229
Rwanda,2019-09-30,0.0,0.0,-435.41,-4.35,-100.0,-100.0
Rwanda,2019-12-31,472.24,-37.78,472.24,-37.78,,
Rwanda,2020-03-31,3.1,0.09,-540.34,-32.519999999999996,-99.4295598410128,-99.7240110395584
Rwanda,2020-06-30,586.73,41.07,-519.8699999999999,30.009999999999998,-46.97903488161937,271.33815551537066
Rwanda,2020-09-30,1323.41,-54.49,1323.41,-54.49,,
Rwanda,2020-12-31,0.0,0.0,-472.24,37.78,-100.0,-100.0
Sao Tome and Principe,2017-03-31,1148.74,68.93,0.0,0.0,0.0,0.0
Sao Tome and Principe,2017-06-30,0.0,0.0,0.0,0.0,0.0,0.0
Sao Tome and Principe,2017-09-30,696.9,-2.74,0.0,0.0,0.0,0.0
Sao Tome and Principe,2017-12-31,0.0,0.0,0.0,0.0,0.0,0.0
Sao Tome and Principe,2018-03-31,386.89,-19.34,-761.85,-88.27000000000001,-66.32049027630273,-128.05744958653707
Sao Tome and Principe,2018-06-30,460.72,19.66,460.72,19.66,,
Sao Tome and Principe,2018-09-30,0.0,0.0,-696.9,2.74,-100.0,-100.0
Sao Tome and Principe,2018-12-31,973.62,0.0,973.62,0.0,,
Sao Tome and Principe,2019-03-31,246.07,-7.38,-140.82,11.96,-36.39794256765489,-61.84074457083765
Sao Tome and Principe,2019-06-30,888.09,-62.17,427.37,-81.83,92.76133009202987,-416.2258392675483
Sao Tome and Principe,2019-09-30,1880.85,-14.88,1880.85,-14.88,,
Sao Tome and Principe,2019-12-31,0.0,0.0,-973.62,0.0,-100.0,
Sao Tome and Principe,2020-03-31,1140.77,17.42,894.7,24.8,363.59572479375794,336.04336043360433
Sao Tome and Principe,2020-06-30,681.82,27.27,-206.26999999999998,89.44,-23.226249591820647,143.86359980698086
Sao Tome and Principe,2020-09-30,0.0,0.0,-1880.85,14.88,-100.0,-100.0
Sao Tome and Principe,2020-12-31,120.74,3.62,120.74,3.62,,
Senegal,2017-03-31,445.95,11.04,0.0,0.0,0.0,0.0
Senegal,2017-06-30,0.0,0.0,0.0,0.0,0.0,0.0
Senegal,2017-09-30,494.29,13.93,0.0,0.0,0.0,0.0
Senegal,2017-12-31,0.0,0.0,0.0,0.0,0.0,0.0
Senegal,2018-03-31,1385.75,-105.92,939.8,-116.96000000000001,210.74111447471688,-1059.4202898550727
Senegal,2018-06-30,101.35,1.01,101.35,1.01,,
Senegal,2018-09-30,0.0,0.0,-494.29,-13.93,-100.0,-100.0
Senegal,2018-12-31,699.02,-20.97,699.02,-20.97,,
Senegal,2019-03-31,153.18,13.79,-1232.57,119.71000000000001,-88.9460580912863,113.01925981873113
Senegal,2019-06-30,252.82,22.75,151.47,21.74,149.45239269856933,2152.4752475247524
Senegal,2019-09-30,1003.01,55.79,1003.01,55.79,,
Senegal,2019-12-31,0.0,0.0,-699.02,20.97,-100.0,-100.0
Senegal,2020-03-31,435.47,12.75,282.29,-1.0399999999999991,184.2864603734169,-7.541696881798399
Senegal,2020-06-30,0.0,0.0,-252.82,-22.75,-100.0,-100.0
Senegal,2020-09-30,471.73,23.05,-531.28,-32.739999999999995,-52.96856462049232,-58.684352034414765
Senegal,2020-12-31,0.0,0.0,0.0,0.0,,
Seychelles,2017-03-31,90.78,-4.54,0.0,0.0,0.0,0.0
Seychelles,2017-06-30,40.12,-1.6,0.0,0.0,0.0,0.0
Seychelles,2017-09-30,1493.29,-23.07,0.0,0.0,0.0,0.0
Seychelles,2017-12-31,0.0,0.0,0.0,0.0,0.0,0.0
Seychelles,2018-03-31,820.6,4.89,729.82,9.43,803.9435999118749,207.70925110132157
Seychelles,2018-06-30,0.0,0.0,-40.12,1.6,-100.0,-100.0
Seychelles,2018-09-30,542.4,-35.12,-950.89,-12.049999999999997,-63.677517427961085,52.23233636757693
Seychelles,2018-12-31,0.0,0.0,0.0,0.0,,
Seychelles,2019-03-31,1474.69,-97.55,654.09,-102.44,79.70874969534488,-2094.887525562372
Seychelles,2019-06-30,0.0,0.0,0.0,0.0,,
Seychelles,2019-09-30,491.94,-18.84,-50.45999999999998,16.279999999999998,-9.30309734513274,-46.35535307517084
Seychelles,2019-12-31,0.0,0.0,0.0,0.0,,
Seychelles,2020-03-31,460.12,-13.8,-1014.57,83.75,-68.7988662023883,-85.8534085084572
Seychelles,2020-06-30,133.74,12.04,133.74,12.04,,
Seychelles,2020-09-30,334.36,33.44,-157.57999999999998,52.28,-32.03236167012237,277.4946921443737
Seychelles,2020-12-31,20.98,0.21,20.98,0.21,,
Sierra Leone,2017-03-31,301.55,-6.03,0.0,0.0,0.0,0.0
Sierra Leone,2017-06-30,695.88,-13.92,0.0,0.0,0.0,0.0
Sierra Leone,2017-09-30,1150.41,2.39,0.0,0.0,0.0,0.0
Sierra Leone,2017-12-31,0.0,0.0,0.0,0.0,0.0,0.0
Sierra Leone,2018-03-31,1087.92,76.1,786.3700000000001,82.13,260.77599071464107,1362.0232172470978
Sierra Leone,2018-06-30,0.0,0.0,-695.88,13.92,-100.0,-100.0
Sierra Leone,2018-09-30,345.05,-17.25,-805.3600000000001,-19.64,-70.00634556375553,-821.7573221757322
Sierra Leone,2018-12-31,364.23,0.0,364.23,0.0,,
Sierra Leone,2019-03-31,490.82,-4.91,-597.1000000000001,-81.00999999999999,-54.88455033458344,-106.4520367936925
Sierra Leone,2019-06-30,845.73,-33.14,845.73,-33.14,,
Sierra Leone,2019-09-30,400.86,-4.01,55.81,13.24,16.174467468482828,-76.7536231884058
Sierra Leone,2019-12-31,0.0,0.0,-364.23,0.0,-100.0,
Sierra Leone,2020-03-31,517.73,-21.2,26.910000000000025,-16.29,5.482661668228684,331.77189409368634
Sierra Leone,2020-06-30,465.79,4.66,-379.94,37.8,-44.92450309200336,114.06155703077852
Sierra Leone,2020-09-30,0.0,0.0,-400.86,4.01,-100.0,-100.0
Sierra Leone,2020-12-31,427.16,0.0,427.16,0.0,,
Somalia,2017-03-31,977.28,-9.77,0.0,0.0,0.0,0.0
Somalia,2017-06-30,673.55,-13.47,0.0,0.0,0.0,0.0
Somalia,2017-09-30,989.47,40.92,0.0,0.0,0.0,0.0
Somalia,2017-12-31,0.0,0.0,0.0,0.0,0.0,0.0
Somalia,2018-03-31,328.62,32.86,-648.66,42.629999999999995,-66.37401768172889,436.3357215967246
Somalia,2018-06-30,29.2,2.63,-644.3499999999999,16.1,-95.66476133917303,119.52487008166297
Somalia,2018-09-30,1463.06,83.47,473.5899999999999,42.55,47.86299736222421,103.98338220918866
Somalia,2018-12-31,0.0,0.0,0.0,0.0,,
Somalia,2019-03-31,985.13,59.11,656.51,26.25,199.77785892520234,79.88435788192331
Somalia,2019-06-30,680.68,-13.61,651.4799999999999,-16.24,2231.095890410959,-617.4904942965779
Somalia,2019-09-30,118.6,-3.56,-1344.46,-87.03,-91.89370224050963,-104.26500539115851
Somalia,2019-12-31,443.2,22.16,443.2,22.16,,
Somalia,2020-03-31,1165.83,71.06,180.69999999999993,11.950000000000003,18.34275679351963,20.216545423786165
Somalia,2020-06-30,0.0,0.0,-680.68,13.61,-100.0,-100.0
Somalia,2020-09-30,262.21,26.22,143.60999999999999,29.779999999999998,121.08768971332209,836.5168539325841
Somalia,2020-12-31,116.04,11.6,-327.15999999999997,-10.56,-73.81768953068591,-47.65342960288809
South Africa,2017-03-31,1836.78,-35.21,0.0,0.0,0.0,0.0
South Africa,2017-06-30,2941.14,77.39,0.0,0.0,0.0,0.0
South Africa,2017-09-30,2588.24,117.63,0.0,0.0,0.0,0.0
South Africa,2017-12-31,1777.08,-52.05,0.0,0.0,0.0,0.0
South Africa,2018-03-31,4464.8,178.54,2628.0200000000004,213.75,143.07755964241773,607.0718545867651
South Africa,2018-06-30,2772.26,119.33,-168.87999999999965,41.94,-5.741991200690877,54.19304819744153
South Africa,2018-09-30,2302.07,1.01,-286.1699999999996,-116.61999999999999,-11.056548079003479,-99.14137549944742
South Africa,2018-12-31,1102.37,49.33,-674.71,101.38,-37.96733968082473,194.77425552353506
South Africa,2019-03-31,2828.99,-21.23,-1635.8100000000004,-199.76999999999998,-36.63792331123455,-111.8908927971323
South Africa,2019-06-30,2748.07,11.31,-24.190000000000055,-108.02,-0.872573279562525,-90.52208162239168
South Africa,2019-09-30,3367.34,-35.69,1065.27,-36.699999999999996,46.27443996055723,-3633.6633663366333
South Africa,2019-12-31,0.0,0.0,-1102.37,-49.33,-100.0,-100.0
South Africa,2020-03-31,2303.43,3.78,-525.56,25.01,-18.577654922781626,117.80499293452662
South Africa,2020-06-30,833.39,-19.65,-1914.6800000000003,-30.96,-69.67362548988928,-273.7400530503979
South Africa,2020-09-30,2569.18,100.23,-798.1600000000003,135.92000000000002,-23.702982175842067,380.83496777808915
South Africa,2020-12-31,2265.19,-96.49,2265.19,-96.49,,
South Sudan,2017-03-31,525.88,-33.21,0.0,0.0,0.0,0.0
South Sudan,2017-06-30,0.0,0.0,0.0,0.0,0.0,0.0
South Sudan,2017-09-30,443.6,-26.62,0.0,0.0,0.0,0.0
South Sudan,2017-12-31,372.63,-22.36,0.0,0.0,0.0,0.0
South Sudan,2018-03-31,771.7,30.87,245.82000000000005,64.08,46.74450444968435,192.9539295392954
South Sudan,2018-06-30,1112.46,72.42,1112.46,72.42,,
South Sudan,2018-09-30,0.0,0.0,-443.6,26.62,-100.0,-100.0
South Sudan,2018-12-31,330.27,26.42,-42.360000000000014,48.78,-11.367844779003304,218.15742397137745
South Sudan,2019-03-31,1340.14,-71.21,568.44,-102.08,73.66074899572374,-330.67703271784904
South Sudan,2019-06-30,0.0,0.0,-1112.46,-72.42,-100.0,-100.0
South Sudan,2019-09-30,1088.7,-16.06,1088.7,-16.06,,
South Sudan,2019-12-31,0.0,0.0,-330.27,-26.42,-100.0,-100.0
South Sudan,2020-03-31,439.54,24.42,-900.6000000000001,95.63,-67.20193412628532,134.29293638533915
South Sudan,2020-06-30,0.0,0.0,0.0,0.0,,
South Sudan,2020-09-30,760.52,-38.03,-328.18000000000006,-21.970000000000002,-30.144208689262424,136.79950186799505
South Sudan,2020-12-31,579.24,40.55,579.24,40.55,,
Sudan,2017-03-31,438.51,27.84,0.0,0.0,0.0,0.0
Sudan,2017-06-30,1502.66,60.11,0.0,0.0,0.0,0.0
Sudan,2017-09-30,719.61,-36.46,0.0,0.0,0.0,0.0
Sudan,2017-12-31,541.59,43.33,0.0,0.0,0.0,0.0
Sudan,2018-03-31,1896.36,86.32,1457.85,58.47999999999999,332.45536019703087,210.0574712643678
Sudan,2018-06-30,955.13,-37.57,-547.5300000000001,-97.68,-36.43738437171417,-162.5020795208784
Sudan,2018-09-30,1348.47,-34.92,628.86,1.5399999999999991,87.38900237628715,-4.223806911684035
Sudan,2018-12-31,984.51,29.54,442.91999999999996,-13.79,81.78142137040933,-31.82552504038772
Sudan,2019-03-31,1192.0,53.97,-704.3599999999999,-32.349999999999994,-37.142736611191964,-37.476830398517144
Sudan,2019-06-30,1150.2,32.63,195.07000000000005,70.2,20.423397862071138,186.85121107266437
Sudan,2019-09-30,822.41,-32.9,-526.0600000000001,2.020000000000003,-39.01162057739512,-5.7846506300114635
Sudan,2019-12-31,770.24,-14.18,-214.26999999999998,-43.72,-21.764126316644827,-148.00270819228166
Sudan,2020-03-31,1798.59,-74.97,606.5899999999999,-128.94,50.88842281879194,-238.91050583657588
Sudan,2020-06-30,816.28,40.81,-333.9200000000001,8.18,-29.03147278734134,25.068954949433035
Sudan,2020-09-30,1396.63,42.98,574.2200000000001,75.88,69.82162181880086,230.63829787234042
Sudan,2020-12-31,679.3,47.55,-90.94000000000005,61.73,-11.806709597008732,435.33145275035264
Swaziland,2017-03-31,864.78,-69.18,0.0,0.0,0.0,0.0
Swaziland,2017-06-30,760.7,30.43,0.0,0.0,0.0,0.0
Swaziland,2017-09-30,1180.57,-11.37,0.0,0.0,0.0,0.0
Swaziland,2017-12-31,0.0,0.0,0.0,0.0,0.0,0.0
Swaziland,2018-03-31,1428.68,109.16,563.9000000000001,178.34,65.20733596984205,257.7912691529344
Swaziland,2018-06-30,989.02,89.01,228.31999999999994,58.580000000000005,30.014460365452862,192.50739401906017
Swaziland,2018-09-30,322.41,29.02,-858.1599999999999,40.39,-72.69031061267015,355.23306948109064
Swaziland,2018-12-31,0.0,0.0,0.0,0.0,,
Swaziland,2019-03-31,518.99,28.37,-909.69,-80.78999999999999,-63.67346081697791,-74.01062660315134
Swaziland,2019-06-30,0.0,0.0,-989.02,-89.01,-100.0,-100.0
Swaziland,2019-09-30,401.44,-24.09,79.02999999999997,-53.11,24.512266989237297,-183.0117160578911
Swaziland,2019-12-31,787.3,15.75,787.3,15.75,,
Swaziland,2020-03-31,1168.69,49.58,649.7,21.209999999999997,125.18545636717471,74.76207261191398
Swaziland,2020-06-30,196.19,-15.7,196.19,-15.7,,
Swaziland,2020-09-30,0.0,0.0,-401.44,24.09,-100.0,-100.0
Swaziland,2020-12-31,801.25,-40.06,13.950000000000045,-55.81,1.771878572335837,-354.3492063492064
Togo,2017-03-31,482.28,27.55,0.0,0.0,0.0,0.0
Togo,2017-06-30,572.06,17.16,0.0,0.0,0.0,0.0
Togo,2017-09-30,0.0,0.0,0.0,0.0,0.0,0.0
Togo,2017-12-31,885.66,-70.85,0.0,0.0,0.0,0.0
Togo,2018-03-31,398.27,20.39,-84.00999999999999,-7.16,-17.41934146139172,-25.98911070780399
Togo,2018-06-30,0.0,0.0,-572.06,-17.16,-100.0,-100.0
Togo,2018-09-30,10.76,0.54,10.76,0.54,,
Togo,2018-12-31,175.47,0.0,-710.1899999999999,70.85,-80.18765666282772,-100.0
Togo,2019-03-31,721.02,40.2,322.75,19.810000000000002,81.03798930373868,97.15546836684649
Togo,2019-06-30,0.0,0.0,0.0,0.0,,
Togo,2019-09-30,1535.77,-63.58,1525.01,-64.12,14172.955390334573,-11874.074074074075
Togo,2019-12-31,0.0,0.0,-175.47,0.0,-100.0,
Togo,2020-03-31,992.23,-19.84,271.21000000000004,-60.040000000000006,37.61476796760146,-149.35323383084577
Togo,2020-06-30,568.88,-15.02,568.88,-15.02,,
Togo,2020-09-30,0.0,0.0,-1535.77,63.58,-100.0,-100.0
Togo,2020-12-31,346.36,-24.25,346.36,-24.25,,
Tunisia,2017-03-31,60.05,-0.6,0.0,0.0,0.0,0.0
Tunisia,2017-06-30,1647.88,-2.58,0.0,0.0,0.0,0.0
Tunisia,2017-09-30,701.35,56.11,0.0,0.0,0.0,0.0
Tunisia,2017-12-31,0.0,0.0,0.0,0.0,0.0,0.0
Tunisia,2018-03-31,827.43,74.47,767.38,75.07,1277.901748542881,12511.666666666666
Tunisia,2018-06-30,0.0,0.0,-1647.88,2.58,-100.0,-100.0
Tunisia,2018-09-30,628.53,37.71,-72.82000000000005,-18.4,-10.382833107578248,-32.79272856888255
Tunisia,2018-12-31,253.34,10.13,253.34,10.13,,
Tunisia,2019-03-31,295.13,26.62,-532.3,-47.849999999999994,-64.33172594660576,-64.25406203840473
Tunisia,2019-06-30,0.0,0.0,0.0,0.0,,
Tunisia,2019-09-30,511.56,-15.35,-116.96999999999997,-53.06,-18.610090210491144,-140.70538318748342
Tunisia,2019-12-31,728.79,72.88,475.44999999999993,62.74999999999999,187.67269282387304,619.447186574531
Tunisia,2020-03-31,185.9,14.87,-109.22999999999999,-11.750000000000002,-37.01080879612374,-44.1397445529677
Tunisia,2020-06-30,1003.38,-12.25,1003.38,-12.25,,
Tunisia,2020-09-30,0.0,0.0,-511.56,15.35,-100.0,-100.0
Tunisia,2020-12-31,665.22,33.26,-63.569999999999936,-39.62,-8.722677314452715,-54.363336992316135
Uganda,2017-03-31,1632.84,-32.27,0.0,0.0,0.0,0.0
Uganda,2017-06-30,0.0,0.0,0.0,0.0,0.0,0.0
Uganda,2017-09-30,168.2,3.36,0.0,0.0,0.0,0.0
Uganda,2017-12-31,284.57,2.85,0.0,0.0,0.0,0.0
Uganda,2018-03-31,202.35,14.16,-1430.49,46.43000000000001,-87.60748144337474,143.87976448713977
Uganda,2018-06-30,239.4,-9.58,239.4,-9.58,,
Uganda,2018-09-30,634.2,-44.39,466.00000000000006,-47.75,277.05112960761005,-1421.1309523809523
Uganda,2018-12-31,696.6,69.66,412.03000000000003,66.81,144.7903854939031,2344.2105263157896
Uganda,2019-03-31,1063.54,6.12,861.1899999999999,-8.04,425.59426735853714,-56.77966101694915
Uganda,2019-06-30,830.39,-41.52,590.99,-31.940000000000005,246.86299081035924,333.40292275574114
Uganda,2019-09-30,0.0,0.0,-634.2,44.39,-100.0,-100.0
Uganda,2019-12-31,6.87,0.14,-689.73,-69.52,-99.01378122308356,-99.79902383003159
Uganda,2020-03-31,883.96,59.56,-179.57999999999993,53.440000000000005,-16.88511950655358,873.202614379085
Uganda,2020-06-30,0.0,0.0,-830.39,41.52,-100.0,-100.0
Uganda,2020-09-30,918.7,9.19,918.7,9.19,,
Uganda,2020-12-31,680.17,68.02,673.3,67.88,9800.582241630276,48485.714285714275
United Republic of Tanzania,2017-03-31,634.12,1.7,0.0,0.0,0.0,0.0
United Republic of Tanzania,2017-06-30,0.0,0.0,0.0,0.0,0.0,0.0
United Republic of Tanzania,2017-09-30,196.25,-15.7,0.0,0.0,0.0,0.0
United Republic of Tanzania,2017-12-31,434.34,34.75,0.0,0.0,0.0,0.0
United Republic of Tanzania,2018-03-31,576.67,0.06,-57.450000000000045,-1.64,-9.059799407052301,-96.47058823529412
United Republic of Tanzania,2018-06-30,0.0,0.0,0.0,0.0,,
United Republic of Tanzania,2018-09-30,437.73,-30.64,241.48000000000002,-14.940000000000001,123.04713375796179,95.15923566878982
United Republic of Tanzania,2018-12-31,70.25,5.62,-364.09,-29.13,-83.82603490353179,-83.8273381294964
United Republic of Tanzania,2019-03-31,661.42,6.61,84.75,6.550000000000001,14.696446841347738,10916.666666666668
United Republic of Tanzania,2019-06-30,98.4,3.94,98.4,3.94,,
United Republic of Tanzania,2019-09-30,846.06,59.22,408.3299999999999,89.86,93.28353094373242,293.27676240208876
United Republic of Tanzania,2019-12-31,505.64,-20.23,435.39,-25.85,619.7722419928825,-459.9644128113879
United Republic of Tanzania,2020-03-31,562.51,-33.75,-98.90999999999997,-40.36,-14.954189471137852,-610.590015128593
United Republic of Tanzania,2020-06-30,471.51,37.72,373.11,33.78,379.17682926829264,857.3604060913706
United Republic of Tanzania,2020-09-30,202.36,-6.07,-643.6999999999999,-65.28999999999999,-76.08207455735999,-110.2499155690645
United Republic of Tanzania,2020-12-31,859.82,-60.19,354.18000000000006,-39.959999999999994,70.04588244600903,197.52842313395945
Western Sahara,2017-03-31,235.84,-2.36,0.0,0.0,0.0,0.0
Western Sahara,2017-06-30,761.86,45.71,0.0,0.0,0.0,0.0
Western Sahara,2017-09-30,737.15,51.6,0.0,0.0,0.0,0.0
Western Sahara,2017-12-31,601.87,60.19,0.0,0.0,0.0,0.0
Western Sahara,2018-03-31,623.24,-43.63,387.4,-41.27,164.26390773405697,1748.7288135593221
Western Sahara,2018-06-30,440.8,30.86,-321.06,-14.850000000000001,-42.14160081904812,-32.487420695690226
Western Sahara,2018-09-30,759.99,53.2,22.840000000000032,1.6000000000000014,3.0984195889574755,3.1007751937984525
Western Sahara,2018-12-31,216.43,-10.82,-385.44,-71.00999999999999,-64.0404073969462,-117.97640804120284
Western Sahara,2019-03-31,388.17,19.41,-235.07,63.040000000000006,-37.7174122328477,144.48773779509511
Western Sahara,2019-06-30,440.26,13.21,-0.5400000000000205,-17.65,-0.1225045372050863,-57.19377835385612
Western Sahara,2019-09-30,834.1,9.23,74.11000000000001,-43.97,9.751444097948658,-82.65037593984962
Western Sahara,2019-12-31,0.0,0.0,-216.43,10.82,-100.0,-100.0
Western Sahara,2020-03-31,91.21,-1.82,-296.96000000000004,-21.23,-76.50256330989001,-109.37660999484802
Western Sahara,2020-06-30,158.62,7.93,-281.64,-5.280000000000001,-63.971289692454455,-39.969719909159735
Western Sahara,2020-09-30,870.85,37.34,36.75,28.110000000000003,4.405946529193142,304.5503791982665
Western Sahara,2020-12-31,0.0,0.0,0.0,0.0,,
Zambia,2017-03-31,222.26,20.0,0.0,0.0,0.0,0.0
Zambia,2017-06-30,751.73,-15.03,0.0,0.0,0.0,0.0
Zambia,2017-09-30,981.03,12.86,0.0,0.0,0.0,0.0
Zambia,2017-12-31,0.0,0.0,0.0,0.0,0.0,0.0
Zambia,2018-03-31,371.36,-29.71,149.10000000000002,-49.71,67.08359578871594,-248.55
Zambia,2018-06-30,1124.39,-44.74,372.6600000000001,-29.71,49.573650113737656,197.6713240186294
Zambia,2018-09-30,226.85,18.15,-754.18,5.289999999999999,-76.87634425043066,41.1353032659409
Zambia,2018-12-31,0.0,0.0,0.0,0.0,,
Zambia,2019-03-31,182.1,-1.82,-189.26000000000002,27.89,-50.96402412753124,-93.87411645910467
Zambia,2019-06-30,1754.83,94.82,630.4399999999998,139.56,56.0695132471829,311.93562807331244
Zambia,2019-09-30,0.0,0.0,-226.85,-18.15,-100.0,-100.0
Zambia,2019-12-31,12.31,-0.37,12.31,-0.37,,
Zambia,2020-03-31,776.96,6.64,594.86,8.459999999999999,326.6666666666667,464.8351648351648
Zambia,2020-06-30,0.0,0.0,-1754.83,-94.82,-100.0,-100.0
Zambia,2020-09-30,55.79,-2.23,55.79,-2.23,,
Zambia,2020-12-31,791.05,-47.46,778.74,-47.09,6326.076360682371,12727.027027027028
Zimbabwe,2017-03-31,1267.34,-38.94,0.0,0.0,0.0,0.0
Zimbabwe,2017-06-30,451.47,-31.6,0.0,0.0,0.0,0.0
Zimbabwe,2017-09-30,0.0,0.0,0.0,0.0,0.0,0.0
Zimbabwe,2017-12-31,231.41,-4.63,0.0,0.0,0.0,0.0
Zimbabwe,2018-03-31,337.98,13.52,-929.3599999999999,52.459999999999994,-73.33154481039026,134.7200821777093
Zimbabwe,2018-06-30,976.54,58.59,525.0699999999999,90.19,116.3023013710767,285.4113924050633
Zimbabwe,2018-09-30,758.17,-53.07,758.17,-53.07,,
Zimbabwe,2018-12-31,641.5,-12.83,410.09000000000003,-8.2,177.21360356077957,177.10583153347733
Zimbabwe,2019-03-31,1013.72,26.33,675.74,12.809999999999999,199.93490739096987,94.74852071005917
Zimbabwe,2019-06-30,954.5,-38.18,-22.039999999999964,-96.77000000000001,-2.256948000081918,-165.1647038743813
Zimbabwe,2019-09-30,225.21,-6.76,-532.9599999999999,46.31,-70.29558014693274,-87.26210665159225
Zimbabwe,2019-12-31,0.0,0.0,-641.5,12.83,-100.0,-100.0
Zimbabwe,2020-03-31,851.49,0.0,-162.23000000000002,-26.33,-16.003432900603716,-100.0
Zimbabwe,2020-06-30,179.71,8.99,-774.79,47.17,-81.17234154007333,123.54635935044527
Zimbabwe,2020-09-30,0.0,0.0,-225.21,6.76,-100.0,-100.0
Zimbabwe,2020-12-31,394.28,-23.66,394.28,-23.66,,
